{
  "pdb_id": "66d1e02b207547a99f51707d",
  "ala_scan": [
    {
      "dG": -186.5876,
      "1": [
        "46",
        "MET",
        "C",
        -0.0,
        3,
        0.0
      ],
      "2": [
        "47",
        "ARG",
        "C",
        -0.0,
        6,
        0.0
      ],
      "3": [
        "48",
        "GLU",
        "C",
        -0.0,
        4,
        0.0
      ],
      "4": [
        "49",
        "SER",
        "C",
        -0.0,
        1,
        0.0
      ],
      "5": [
        "50",
        "LYS",
        "C",
        -0.0,
        4,
        0.0
      ],
      "6": [
        "51",
        "THR",
        "C",
        -0.0,
        2,
        0.0
      ],
      "7": [
        "52",
        "LEU",
        "C",
        -0.0,
        3,
        0.0
      ],
      "8": [
        "53",
        "GLY",
        "C",
        0.0,
        0,
        0.0
      ],
      "9": [
        "54",
        "ALA",
        "C",
        0.0,
        0,
        0.0
      ],
      "10": [
        "55",
        "VAL",
        "C",
        -0.0,
        2,
        0.0
      ],
      "11": [
        "56",
        "GLN",
        "C",
        -0.0,
        4,
        0.0
      ],
      "12": [
        "57",
        "ILE",
        "C",
        -0.0,
        3,
        0.0
      ],
      "13": [
        "58",
        "MET",
        "C",
        -0.0,
        3,
        0.0
      ],
      "14": [
        "59",
        "ASN",
        "C",
        -0.0,
        3,
        0.0
      ],
      "15": [
        "60",
        "GLY",
        "C",
        0.0,
        0,
        0.0
      ],
      "16": [
        "61",
        "LEU",
        "C",
        -0.0,
        3,
        0.0
      ],
      "17": [
        "62",
        "PHE",
        "C",
        -0.0,
        6,
        0.0
      ],
      "18": [
        "63",
        "HIS",
        "C",
        -0.0,
        5,
        0.0
      ],
      "19": [
        "64",
        "ILE",
        "C",
        -0.0,
        3,
        0.0
      ],
      "20": [
        "65",
        "ALA",
        "C",
        0.0,
        0,
        0.0
      ],
      "21": [
        "66",
        "LEU",
        "C",
        -0.0,
        3,
        0.0
      ],
      "22": [
        "67",
        "GLY",
        "C",
        0.0,
        0,
        0.0
      ],
      "23": [
        "68",
        "GLY",
        "C",
        0.0,
        0,
        0.0
      ],
      "24": [
        "69",
        "LEU",
        "C",
        -0.0,
        3,
        0.0
      ],
      "25": [
        "70",
        "LEU",
        "C",
        -0.0,
        3,
        0.0
      ],
      "26": [
        "71",
        "MET",
        "C",
        -0.0,
        3,
        0.0
      ],
      "27": [
        "72",
        "ILE",
        "C",
        -0.0,
        3,
        0.0
      ],
      "28": [
        "73",
        "PRO",
        "C",
        -0.0,
        2,
        0.0
      ],
      "29": [
        "74",
        "ALA",
        "C",
        0.0,
        0,
        0.0
      ],
      "30": [
        "75",
        "GLY",
        "C",
        0.0,
        0,
        0.0
      ],
      "31": [
        "76",
        "ILE",
        "C",
        1.7524,
        3,
        0.0
      ],
      "32": [
        "77",
        "TYR",
        "C",
        0.9394,
        7,
        0.0
      ],
      "33": [
        "78",
        "ALA",
        "C",
        0.0,
        0,
        0.0
      ],
      "34": [
        "79",
        "PRO",
        "C",
        -0.0,
        2,
        0.0
      ],
      "35": [
        "80",
        "ILE",
        "C",
        -0.0,
        3,
        0.0
      ],
      "36": [
        "81",
        "CYS",
        "C",
        -0.0,
        1,
        0.0
      ],
      "37": [
        "82",
        "VAL",
        "C",
        -0.0,
        2,
        0.0
      ],
      "38": [
        "83",
        "THR",
        "C",
        -0.0,
        2,
        0.0
      ],
      "39": [
        "84",
        "VAL",
        "C",
        -0.0,
        2,
        0.0
      ],
      "40": [
        "85",
        "TRP",
        "C",
        -0.0,
        9,
        0.0
      ],
      "41": [
        "86",
        "TYR",
        "C",
        -0.0,
        7,
        0.0
      ],
      "42": [
        "87",
        "PRO",
        "C",
        -0.0,
        2,
        0.0
      ],
      "43": [
        "88",
        "LEU",
        "C",
        -0.0,
        3,
        0.0
      ],
      "44": [
        "89",
        "TRP",
        "C",
        -0.0,
        9,
        0.0
      ],
      "45": [
        "90",
        "GLY",
        "C",
        0.0,
        0,
        0.0
      ],
      "46": [
        "91",
        "GLY",
        "C",
        0.0,
        0,
        0.0
      ],
      "47": [
        "92",
        "ILE",
        "C",
        -0.0,
        3,
        0.0
      ],
      "48": [
        "93",
        "MET",
        "C",
        -0.0,
        3,
        0.0
      ],
      "49": [
        "94",
        "TYR",
        "C",
        -0.0,
        7,
        0.0
      ],
      "50": [
        "95",
        "ILE",
        "C",
        -0.0,
        3,
        0.0
      ],
      "51": [
        "96",
        "ILE",
        "C",
        -0.0,
        3,
        0.0
      ],
      "52": [
        "97",
        "SER",
        "C",
        -0.0,
        1,
        0.0
      ],
      "53": [
        "98",
        "GLY",
        "C",
        0.0,
        0,
        0.0
      ],
      "54": [
        "99",
        "SER",
        "C",
        -0.0,
        1,
        0.0
      ],
      "55": [
        "100",
        "LEU",
        "C",
        -0.0,
        3,
        0.0
      ],
      "56": [
        "101",
        "LEU",
        "C",
        -0.0,
        3,
        0.0
      ],
      "57": [
        "102",
        "ALA",
        "C",
        0.0,
        0,
        0.0
      ],
      "58": [
        "103",
        "ALA",
        "C",
        0.0,
        0,
        0.0
      ],
      "59": [
        "104",
        "THR",
        "C",
        -0.0,
        2,
        0.0
      ],
      "60": [
        "105",
        "GLU",
        "C",
        -0.0,
        4,
        0.0
      ],
      "61": [
        "106",
        "LYS",
        "C",
        -0.0,
        4,
        0.0
      ],
      "62": [
        "107",
        "ASN",
        "C",
        -0.0,
        3,
        0.0
      ],
      "63": [
        "108",
        "SER",
        "C",
        -0.0,
        1,
        0.0
      ],
      "64": [
        "109",
        "ARG",
        "C",
        -0.0,
        6,
        0.0
      ],
      "65": [
        "110",
        "LYS",
        "C",
        -0.0,
        4,
        0.0
      ],
      "66": [
        "111",
        "CYS",
        "C",
        -0.0,
        1,
        0.0
      ],
      "67": [
        "112",
        "LEU",
        "C",
        -0.0,
        3,
        0.0
      ],
      "68": [
        "113",
        "VAL",
        "C",
        -0.0,
        2,
        0.0
      ],
      "69": [
        "114",
        "LYS",
        "C",
        -0.0,
        4,
        0.0
      ],
      "70": [
        "115",
        "GLY",
        "C",
        0.0,
        0,
        0.0
      ],
      "71": [
        "116",
        "LYS",
        "C",
        -0.0,
        4,
        0.0
      ],
      "72": [
        "117",
        "MET",
        "C",
        -0.0,
        3,
        0.0
      ],
      "73": [
        "118",
        "ILE",
        "C",
        -0.0,
        3,
        0.0
      ],
      "74": [
        "119",
        "MET",
        "C",
        -0.0,
        3,
        0.0
      ],
      "75": [
        "120",
        "ASN",
        "C",
        -0.0,
        3,
        0.0
      ],
      "76": [
        "121",
        "SER",
        "C",
        -0.0,
        1,
        0.0
      ],
      "77": [
        "122",
        "LEU",
        "C",
        -0.0,
        3,
        0.0
      ],
      "78": [
        "123",
        "SER",
        "C",
        -0.0,
        1,
        0.0
      ],
      "79": [
        "124",
        "LEU",
        "C",
        -0.0,
        3,
        0.0
      ],
      "80": [
        "125",
        "PHE",
        "C",
        -0.0,
        6,
        0.0
      ],
      "81": [
        "126",
        "ALA",
        "C",
        0.0,
        0,
        0.0
      ],
      "82": [
        "127",
        "ALA",
        "C",
        0.0,
        0,
        0.0
      ],
      "83": [
        "128",
        "ILE",
        "C",
        -0.0,
        3,
        0.0
      ],
      "84": [
        "129",
        "SER",
        "C",
        -0.0,
        1,
        0.0
      ],
      "85": [
        "130",
        "GLY",
        "C",
        0.0,
        0,
        0.0
      ],
      "86": [
        "131",
        "MET",
        "C",
        -0.0,
        3,
        0.0
      ],
      "87": [
        "132",
        "ILE",
        "C",
        -0.0,
        3,
        0.0
      ],
      "88": [
        "133",
        "LEU",
        "C",
        -0.0,
        3,
        0.0
      ],
      "89": [
        "134",
        "SER",
        "C",
        -0.0,
        1,
        0.0
      ],
      "90": [
        "135",
        "ILE",
        "C",
        -0.0,
        3,
        0.0
      ],
      "91": [
        "136",
        "MET",
        "C",
        -0.0,
        3,
        0.0
      ],
      "92": [
        "137",
        "ASP",
        "C",
        -0.0,
        3,
        0.0
      ],
      "93": [
        "138",
        "ILE",
        "C",
        -0.0,
        3,
        0.0
      ],
      "94": [
        "139",
        "LEU",
        "C",
        -0.0,
        3,
        0.0
      ],
      "95": [
        "140",
        "ASN",
        "C",
        -0.0,
        3,
        0.0
      ],
      "96": [
        "141",
        "ILE",
        "C",
        -0.0,
        3,
        0.0
      ],
      "97": [
        "142",
        "LYS",
        "C",
        -0.0,
        4,
        0.0
      ],
      "98": [
        "143",
        "ILE",
        "C",
        -0.0,
        3,
        0.0
      ],
      "99": [
        "144",
        "SER",
        "C",
        -0.0,
        1,
        0.0
      ],
      "100": [
        "145",
        "HIS",
        "C",
        0.0286,
        5,
        0.0
      ],
      "101": [
        "146",
        "PHE",
        "C",
        -0.0,
        6,
        0.0
      ],
      "102": [
        "147",
        "LEU",
        "C",
        -0.0,
        3,
        0.0
      ],
      "103": [
        "148",
        "LYS",
        "C",
        0.1277,
        4,
        0.0
      ],
      "104": [
        "149",
        "MET",
        "C",
        -0.0,
        3,
        0.0
      ],
      "105": [
        "150",
        "GLU",
        "C",
        -0.0,
        4,
        0.0
      ],
      "106": [
        "151",
        "SER",
        "C",
        -0.0,
        1,
        0.0
      ],
      "107": [
        "152",
        "LEU",
        "C",
        -0.0,
        3,
        0.0
      ],
      "108": [
        "153",
        "ASN",
        "C",
        -0.0,
        3,
        0.0
      ],
      "109": [
        "154",
        "PHE",
        "C",
        -0.0,
        6,
        0.0
      ],
      "110": [
        "155",
        "ILE",
        "C",
        -0.0,
        3,
        0.0
      ],
      "111": [
        "156",
        "ARG",
        "C",
        1.4903,
        6,
        0.0
      ],
      "112": [
        "157",
        "ALA",
        "C",
        0.0,
        0,
        0.0
      ],
      "113": [
        "158",
        "HIS",
        "C",
        -0.0,
        5,
        0.0
      ],
      "114": [
        "159",
        "THR",
        "C",
        -0.0,
        2,
        0.0
      ],
      "115": [
        "160",
        "PRO",
        "C",
        0.5517,
        2,
        0.0
      ],
      "116": [
        "161",
        "TYR",
        "C",
        7.8872,
        7,
        0.0
      ],
      "117": [
        "162",
        "ILE",
        "C",
        0.0304,
        3,
        0.0
      ],
      "118": [
        "163",
        "ASN",
        "C",
        0.1883,
        3,
        0.0
      ],
      "119": [
        "164",
        "ILE",
        "C",
        -0.0,
        3,
        0.0
      ],
      "120": [
        "165",
        "TYR",
        "C",
        -0.0,
        7,
        0.0
      ],
      "121": [
        "166",
        "ASN",
        "C",
        -1.3076,
        3,
        0.0
      ],
      "122": [
        "167",
        "CYS",
        "C",
        -0.0,
        1,
        0.0
      ],
      "123": [
        "168",
        "GLU",
        "C",
        0.7982,
        4,
        0.0
      ],
      "124": [
        "169",
        "PRO",
        "C",
        0.5177,
        2,
        0.0
      ],
      "125": [
        "170",
        "ALA",
        "C",
        0.0,
        0,
        0.0
      ],
      "126": [
        "171",
        "ASN",
        "C",
        4.5695,
        3,
        0.0
      ],
      "127": [
        "172",
        "PRO",
        "C",
        6.9011,
        2,
        0.0
      ],
      "128": [
        "173",
        "SER",
        "C",
        4.0501,
        1,
        0.0
      ],
      "129": [
        "174",
        "GLU",
        "C",
        4.3691,
        4,
        0.0
      ],
      "130": [
        "175",
        "LYS",
        "C",
        5.0076,
        4,
        0.0
      ],
      "131": [
        "176",
        "ASN",
        "C",
        0.5201,
        3,
        0.0
      ],
      "132": [
        "177",
        "SER",
        "C",
        -0.0,
        1,
        0.0
      ],
      "133": [
        "178",
        "PRO",
        "C",
        1.3125,
        2,
        0.0
      ],
      "134": [
        "179",
        "SER",
        "C",
        -0.0,
        1,
        0.0
      ],
      "135": [
        "180",
        "THR",
        "C",
        -0.0,
        2,
        0.0
      ],
      "136": [
        "181",
        "GLN",
        "C",
        0.029,
        4,
        0.0
      ],
      "137": [
        "182",
        "TYR",
        "C",
        0.0221,
        7,
        0.0
      ],
      "138": [
        "183",
        "CYS",
        "C",
        -0.0,
        1,
        0.0
      ],
      "139": [
        "184",
        "TYR",
        "C",
        -0.0,
        7,
        0.0
      ],
      "140": [
        "185",
        "SER",
        "C",
        -0.0,
        1,
        0.0
      ],
      "141": [
        "186",
        "ILE",
        "C",
        -0.0,
        3,
        0.0
      ],
      "142": [
        "187",
        "GLN",
        "C",
        -0.0,
        4,
        0.0
      ],
      "143": [
        "188",
        "SER",
        "C",
        -0.0,
        1,
        0.0
      ],
      "144": [
        "189",
        "LEU",
        "C",
        -0.0,
        3,
        0.0
      ],
      "145": [
        "190",
        "PHE",
        "C",
        -0.0,
        6,
        0.0
      ],
      "146": [
        "191",
        "LEU",
        "C",
        -0.0,
        3,
        0.0
      ],
      "147": [
        "192",
        "GLY",
        "C",
        0.0,
        0,
        0.0
      ],
      "148": [
        "193",
        "ILE",
        "C",
        -0.0,
        3,
        0.0
      ],
      "149": [
        "194",
        "LEU",
        "C",
        -0.0,
        3,
        0.0
      ],
      "150": [
        "195",
        "SER",
        "C",
        -0.0,
        1,
        0.0
      ],
      "151": [
        "196",
        "VAL",
        "C",
        -0.0,
        2,
        0.0
      ],
      "152": [
        "197",
        "MET",
        "C",
        -0.0,
        3,
        0.0
      ],
      "153": [
        "198",
        "LEU",
        "C",
        -0.0,
        3,
        0.0
      ],
      "154": [
        "199",
        "ILE",
        "C",
        -0.0,
        3,
        0.0
      ],
      "155": [
        "200",
        "PHE",
        "C",
        -0.0,
        6,
        0.0
      ],
      "156": [
        "201",
        "ALA",
        "C",
        0.0,
        0,
        0.0
      ],
      "157": [
        "202",
        "PHE",
        "C",
        -0.0,
        6,
        0.0
      ],
      "158": [
        "203",
        "PHE",
        "C",
        -0.0,
        6,
        0.0
      ],
      "159": [
        "204",
        "GLN",
        "C",
        -0.0,
        4,
        0.0
      ],
      "160": [
        "205",
        "GLU",
        "C",
        -0.0,
        4,
        0.0
      ],
      "161": [
        "206",
        "LEU",
        "C",
        -0.0,
        3,
        0.0
      ],
      "162": [
        "207",
        "VAL",
        "C",
        -0.0,
        2,
        0.0
      ],
      "163": [
        "208",
        "ILE",
        "C",
        -0.0,
        3,
        0.0
      ],
      "164": [
        "209",
        "ALA",
        "C",
        0.0,
        0,
        0.0
      ],
      "165": [
        "210",
        "GLY",
        "C",
        0.0,
        0,
        0.0
      ],
      "166": [
        "46",
        "MET",
        "D",
        -0.0,
        3,
        0.0
      ],
      "167": [
        "47",
        "ARG",
        "D",
        -0.0,
        6,
        0.0
      ],
      "168": [
        "48",
        "GLU",
        "D",
        -0.0,
        4,
        0.0
      ],
      "169": [
        "49",
        "SER",
        "D",
        -0.0,
        1,
        0.0
      ],
      "170": [
        "50",
        "LYS",
        "D",
        -0.0,
        4,
        0.0
      ],
      "171": [
        "51",
        "THR",
        "D",
        -0.0,
        2,
        0.0
      ],
      "172": [
        "52",
        "LEU",
        "D",
        -0.0,
        3,
        0.0
      ],
      "173": [
        "53",
        "GLY",
        "D",
        0.0,
        0,
        0.0
      ],
      "174": [
        "54",
        "ALA",
        "D",
        0.0,
        0,
        0.0
      ],
      "175": [
        "55",
        "VAL",
        "D",
        -0.0,
        2,
        0.0
      ],
      "176": [
        "56",
        "GLN",
        "D",
        -0.0,
        4,
        0.0
      ],
      "177": [
        "57",
        "ILE",
        "D",
        -0.0,
        3,
        0.0
      ],
      "178": [
        "58",
        "MET",
        "D",
        -0.0,
        3,
        0.0
      ],
      "179": [
        "59",
        "ASN",
        "D",
        -0.0,
        3,
        0.0
      ],
      "180": [
        "60",
        "GLY",
        "D",
        0.0,
        0,
        0.0
      ],
      "181": [
        "61",
        "LEU",
        "D",
        -0.0,
        3,
        0.0
      ],
      "182": [
        "62",
        "PHE",
        "D",
        -0.0,
        6,
        0.0
      ],
      "183": [
        "63",
        "HIS",
        "D",
        -0.0,
        5,
        0.0
      ],
      "184": [
        "64",
        "ILE",
        "D",
        -0.0,
        3,
        0.0
      ],
      "185": [
        "65",
        "ALA",
        "D",
        0.0,
        0,
        0.0
      ],
      "186": [
        "66",
        "LEU",
        "D",
        -0.0,
        3,
        0.0
      ],
      "187": [
        "67",
        "GLY",
        "D",
        0.0,
        0,
        0.0
      ],
      "188": [
        "68",
        "GLY",
        "D",
        0.0,
        0,
        0.0
      ],
      "189": [
        "69",
        "LEU",
        "D",
        -0.0,
        3,
        0.0
      ],
      "190": [
        "70",
        "LEU",
        "D",
        -0.0,
        3,
        0.0
      ],
      "191": [
        "71",
        "MET",
        "D",
        -0.0,
        3,
        0.0
      ],
      "192": [
        "72",
        "ILE",
        "D",
        -0.0,
        3,
        0.0
      ],
      "193": [
        "73",
        "PRO",
        "D",
        -0.0,
        2,
        0.0
      ],
      "194": [
        "74",
        "ALA",
        "D",
        0.0,
        0,
        0.0
      ],
      "195": [
        "75",
        "GLY",
        "D",
        0.0,
        0,
        0.0
      ],
      "196": [
        "76",
        "ILE",
        "D",
        1.6991,
        3,
        0.0
      ],
      "197": [
        "77",
        "TYR",
        "D",
        0.8776,
        7,
        0.0
      ],
      "198": [
        "78",
        "ALA",
        "D",
        0.0,
        0,
        0.0
      ],
      "199": [
        "79",
        "PRO",
        "D",
        -0.0,
        2,
        0.0
      ],
      "200": [
        "80",
        "ILE",
        "D",
        -0.0,
        3,
        0.0
      ],
      "201": [
        "81",
        "CYS",
        "D",
        -0.0,
        1,
        0.0
      ],
      "202": [
        "82",
        "VAL",
        "D",
        -0.0,
        2,
        0.0
      ],
      "203": [
        "83",
        "THR",
        "D",
        -0.0,
        2,
        0.0
      ],
      "204": [
        "84",
        "VAL",
        "D",
        -0.0,
        2,
        0.0
      ],
      "205": [
        "85",
        "TRP",
        "D",
        -0.0,
        9,
        0.0
      ],
      "206": [
        "86",
        "TYR",
        "D",
        -0.0,
        7,
        0.0
      ],
      "207": [
        "87",
        "PRO",
        "D",
        -0.0,
        2,
        0.0
      ],
      "208": [
        "88",
        "LEU",
        "D",
        -0.0,
        3,
        0.0
      ],
      "209": [
        "89",
        "TRP",
        "D",
        -0.0,
        9,
        0.0
      ],
      "210": [
        "90",
        "GLY",
        "D",
        0.0,
        0,
        0.0
      ],
      "211": [
        "91",
        "GLY",
        "D",
        0.0,
        0,
        0.0
      ],
      "212": [
        "92",
        "ILE",
        "D",
        -0.0,
        3,
        0.0
      ],
      "213": [
        "93",
        "MET",
        "D",
        -0.0,
        3,
        0.0
      ],
      "214": [
        "94",
        "TYR",
        "D",
        -0.0,
        7,
        0.0
      ],
      "215": [
        "95",
        "ILE",
        "D",
        -0.0,
        3,
        0.0
      ],
      "216": [
        "96",
        "ILE",
        "D",
        -0.0,
        3,
        0.0
      ],
      "217": [
        "97",
        "SER",
        "D",
        -0.0,
        1,
        0.0
      ],
      "218": [
        "98",
        "GLY",
        "D",
        0.0,
        0,
        0.0
      ],
      "219": [
        "99",
        "SER",
        "D",
        -0.0,
        1,
        0.0
      ],
      "220": [
        "100",
        "LEU",
        "D",
        -0.0,
        3,
        0.0
      ],
      "221": [
        "101",
        "LEU",
        "D",
        -0.0,
        3,
        0.0
      ],
      "222": [
        "102",
        "ALA",
        "D",
        0.0,
        0,
        0.0
      ],
      "223": [
        "103",
        "ALA",
        "D",
        0.0,
        0,
        0.0
      ],
      "224": [
        "104",
        "THR",
        "D",
        -0.0,
        2,
        0.0
      ],
      "225": [
        "105",
        "GLU",
        "D",
        -0.0,
        4,
        0.0
      ],
      "226": [
        "106",
        "LYS",
        "D",
        -0.0,
        4,
        0.0
      ],
      "227": [
        "107",
        "ASN",
        "D",
        -0.0,
        3,
        0.0
      ],
      "228": [
        "108",
        "SER",
        "D",
        -0.0,
        1,
        0.0
      ],
      "229": [
        "109",
        "ARG",
        "D",
        -0.0,
        6,
        0.0
      ],
      "230": [
        "110",
        "LYS",
        "D",
        -0.0,
        4,
        0.0
      ],
      "231": [
        "111",
        "CYS",
        "D",
        -0.0,
        1,
        0.0
      ],
      "232": [
        "112",
        "LEU",
        "D",
        -0.0,
        3,
        0.0
      ],
      "233": [
        "113",
        "VAL",
        "D",
        -0.0,
        2,
        0.0
      ],
      "234": [
        "114",
        "LYS",
        "D",
        -0.0,
        4,
        0.0
      ],
      "235": [
        "115",
        "GLY",
        "D",
        0.0,
        0,
        0.0
      ],
      "236": [
        "116",
        "LYS",
        "D",
        -0.0,
        4,
        0.0
      ],
      "237": [
        "117",
        "MET",
        "D",
        -0.0,
        3,
        0.0
      ],
      "238": [
        "118",
        "ILE",
        "D",
        -0.0,
        3,
        0.0
      ],
      "239": [
        "119",
        "MET",
        "D",
        -0.0,
        3,
        0.0
      ],
      "240": [
        "120",
        "ASN",
        "D",
        -0.0,
        3,
        0.0
      ],
      "241": [
        "121",
        "SER",
        "D",
        -0.0,
        1,
        0.0
      ],
      "242": [
        "122",
        "LEU",
        "D",
        -0.0,
        3,
        0.0
      ],
      "243": [
        "123",
        "SER",
        "D",
        -0.0,
        1,
        0.0
      ],
      "244": [
        "124",
        "LEU",
        "D",
        -0.0,
        3,
        0.0
      ],
      "245": [
        "125",
        "PHE",
        "D",
        -0.0,
        6,
        0.0
      ],
      "246": [
        "126",
        "ALA",
        "D",
        0.0,
        0,
        0.0
      ],
      "247": [
        "127",
        "ALA",
        "D",
        0.0,
        0,
        0.0
      ],
      "248": [
        "128",
        "ILE",
        "D",
        -0.0,
        3,
        0.0
      ],
      "249": [
        "129",
        "SER",
        "D",
        -0.0,
        1,
        0.0
      ],
      "250": [
        "130",
        "GLY",
        "D",
        0.0,
        0,
        0.0
      ],
      "251": [
        "131",
        "MET",
        "D",
        -0.0,
        3,
        0.0
      ],
      "252": [
        "132",
        "ILE",
        "D",
        -0.0,
        3,
        0.0
      ],
      "253": [
        "133",
        "LEU",
        "D",
        -0.0,
        3,
        0.0
      ],
      "254": [
        "134",
        "SER",
        "D",
        -0.0,
        1,
        0.0
      ],
      "255": [
        "135",
        "ILE",
        "D",
        -0.0,
        3,
        0.0
      ],
      "256": [
        "136",
        "MET",
        "D",
        -0.0,
        3,
        0.0
      ],
      "257": [
        "137",
        "ASP",
        "D",
        -0.0,
        3,
        0.0
      ],
      "258": [
        "138",
        "ILE",
        "D",
        -0.0,
        3,
        0.0
      ],
      "259": [
        "139",
        "LEU",
        "D",
        -0.0,
        3,
        0.0
      ],
      "260": [
        "140",
        "ASN",
        "D",
        -0.0,
        3,
        0.0
      ],
      "261": [
        "141",
        "ILE",
        "D",
        -0.0,
        3,
        0.0
      ],
      "262": [
        "142",
        "LYS",
        "D",
        -0.0,
        4,
        0.0
      ],
      "263": [
        "143",
        "ILE",
        "D",
        -0.0,
        3,
        0.0
      ],
      "264": [
        "144",
        "SER",
        "D",
        -0.0,
        1,
        0.0
      ],
      "265": [
        "145",
        "HIS",
        "D",
        0.0269,
        5,
        0.0
      ],
      "266": [
        "146",
        "PHE",
        "D",
        -0.0,
        6,
        0.0
      ],
      "267": [
        "147",
        "LEU",
        "D",
        -0.0,
        3,
        0.0
      ],
      "268": [
        "148",
        "LYS",
        "D",
        0.1236,
        4,
        0.0
      ],
      "269": [
        "149",
        "MET",
        "D",
        -0.0,
        3,
        0.0
      ],
      "270": [
        "150",
        "GLU",
        "D",
        -0.0,
        4,
        0.0
      ],
      "271": [
        "151",
        "SER",
        "D",
        -0.0,
        1,
        0.0
      ],
      "272": [
        "152",
        "LEU",
        "D",
        -0.0,
        3,
        0.0
      ],
      "273": [
        "153",
        "ASN",
        "D",
        -0.0,
        3,
        0.0
      ],
      "274": [
        "154",
        "PHE",
        "D",
        -0.0,
        6,
        0.0
      ],
      "275": [
        "155",
        "ILE",
        "D",
        -0.0,
        3,
        0.0
      ],
      "276": [
        "156",
        "ARG",
        "D",
        1.6756,
        6,
        0.0
      ],
      "277": [
        "157",
        "ALA",
        "D",
        0.0,
        0,
        0.0
      ],
      "278": [
        "158",
        "HIS",
        "D",
        -0.0,
        5,
        0.0
      ],
      "279": [
        "159",
        "THR",
        "D",
        -0.0,
        2,
        0.0
      ],
      "280": [
        "160",
        "PRO",
        "D",
        0.5757,
        2,
        0.0
      ],
      "281": [
        "161",
        "TYR",
        "D",
        7.7488,
        7,
        0.0
      ],
      "282": [
        "162",
        "ILE",
        "D",
        0.0562,
        3,
        0.0
      ],
      "283": [
        "163",
        "ASN",
        "D",
        0.1622,
        3,
        0.0
      ],
      "284": [
        "164",
        "ILE",
        "D",
        -0.0,
        3,
        0.0
      ],
      "285": [
        "165",
        "TYR",
        "D",
        -0.0,
        7,
        0.0
      ],
      "286": [
        "166",
        "ASN",
        "D",
        0.78,
        3,
        0.0
      ],
      "287": [
        "167",
        "CYS",
        "D",
        -0.0,
        1,
        0.0
      ],
      "288": [
        "168",
        "GLU",
        "D",
        0.8538,
        4,
        0.0
      ],
      "289": [
        "169",
        "PRO",
        "D",
        0.4954,
        2,
        0.0
      ],
      "290": [
        "170",
        "ALA",
        "D",
        0.0,
        0,
        0.0
      ],
      "291": [
        "171",
        "ASN",
        "D",
        5.2512,
        3,
        0.0
      ],
      "292": [
        "172",
        "PRO",
        "D",
        6.8389,
        2,
        0.0
      ],
      "293": [
        "173",
        "SER",
        "D",
        3.8577,
        1,
        0.0
      ],
      "294": [
        "174",
        "GLU",
        "D",
        4.4073,
        4,
        0.0
      ],
      "295": [
        "175",
        "LYS",
        "D",
        4.8323,
        4,
        0.0
      ],
      "296": [
        "176",
        "ASN",
        "D",
        0.5339,
        3,
        0.0
      ],
      "297": [
        "177",
        "SER",
        "D",
        -0.0,
        1,
        0.0
      ],
      "298": [
        "178",
        "PRO",
        "D",
        1.3931,
        2,
        0.0
      ],
      "299": [
        "179",
        "SER",
        "D",
        -0.0,
        1,
        0.0
      ],
      "300": [
        "180",
        "THR",
        "D",
        -0.0,
        2,
        0.0
      ],
      "301": [
        "181",
        "GLN",
        "D",
        0.0323,
        4,
        0.0
      ],
      "302": [
        "182",
        "TYR",
        "D",
        0.0166,
        7,
        0.0
      ],
      "303": [
        "183",
        "CYS",
        "D",
        -0.0,
        1,
        0.0
      ],
      "304": [
        "184",
        "TYR",
        "D",
        -0.0,
        7,
        0.0
      ],
      "305": [
        "185",
        "SER",
        "D",
        -0.0,
        1,
        0.0
      ],
      "306": [
        "186",
        "ILE",
        "D",
        -0.0,
        3,
        0.0
      ],
      "307": [
        "187",
        "GLN",
        "D",
        -0.0,
        4,
        0.0
      ],
      "308": [
        "188",
        "SER",
        "D",
        -0.0,
        1,
        0.0
      ],
      "309": [
        "189",
        "LEU",
        "D",
        -0.0,
        3,
        0.0
      ],
      "310": [
        "190",
        "PHE",
        "D",
        -0.0,
        6,
        0.0
      ],
      "311": [
        "191",
        "LEU",
        "D",
        -0.0,
        3,
        0.0
      ],
      "312": [
        "192",
        "GLY",
        "D",
        0.0,
        0,
        0.0
      ],
      "313": [
        "193",
        "ILE",
        "D",
        -0.0,
        3,
        0.0
      ],
      "314": [
        "194",
        "LEU",
        "D",
        -0.0,
        3,
        0.0
      ],
      "315": [
        "195",
        "SER",
        "D",
        -0.0,
        1,
        0.0
      ],
      "316": [
        "196",
        "VAL",
        "D",
        -0.0,
        2,
        0.0
      ],
      "317": [
        "197",
        "MET",
        "D",
        -0.0,
        3,
        0.0
      ],
      "318": [
        "198",
        "LEU",
        "D",
        -0.0,
        3,
        0.0
      ],
      "319": [
        "199",
        "ILE",
        "D",
        -0.0,
        3,
        0.0
      ],
      "320": [
        "200",
        "PHE",
        "D",
        -0.0,
        6,
        0.0
      ],
      "321": [
        "201",
        "ALA",
        "D",
        0.0,
        0,
        0.0
      ],
      "322": [
        "202",
        "PHE",
        "D",
        -0.0,
        6,
        0.0
      ],
      "323": [
        "203",
        "PHE",
        "D",
        -0.0,
        6,
        0.0
      ],
      "324": [
        "204",
        "GLN",
        "D",
        -0.0,
        4,
        0.0
      ],
      "325": [
        "205",
        "GLU",
        "D",
        -0.0,
        4,
        0.0
      ],
      "326": [
        "206",
        "LEU",
        "D",
        -0.0,
        3,
        0.0
      ],
      "327": [
        "207",
        "VAL",
        "D",
        -0.0,
        2,
        0.0
      ],
      "328": [
        "208",
        "ILE",
        "D",
        -0.0,
        3,
        0.0
      ],
      "329": [
        "209",
        "ALA",
        "D",
        0.0,
        0,
        0.0
      ],
      "330": [
        "210",
        "GLY",
        "D",
        0.0,
        0,
        0.0
      ]
    }
  ],
  "mutants": null,
  "repack_scan": null
}