{
  "pdb_id": "66d1e02b207547a99f51707d",
  "ala_scan": [
    {
      "dG": -186.5876,
      "1": [
        "1",
        "GLN",
        "H",
        0.0,
        4,
        0.0
      ],
      "2": [
        "2",
        "VAL",
        "H",
        0.0,
        2,
        0.0
      ],
      "3": [
        "3",
        "GLN",
        "H",
        0.0,
        4,
        0.0
      ],
      "4": [
        "4",
        "LEU",
        "H",
        0.0,
        3,
        0.0
      ],
      "5": [
        "5",
        "GLN",
        "H",
        0.0,
        4,
        0.0
      ],
      "6": [
        "6",
        "GLN",
        "H",
        0.0,
        4,
        0.0
      ],
      "7": [
        "7",
        "PRO",
        "H",
        0.0,
        2,
        0.0
      ],
      "8": [
        "8",
        "GLY",
        "H",
        0.0,
        0,
        0.0
      ],
      "9": [
        "9",
        "ALA",
        "H",
        0.0,
        0,
        0.0
      ],
      "10": [
        "10",
        "GLU",
        "H",
        0.0,
        4,
        0.0
      ],
      "11": [
        "11",
        "LEU",
        "H",
        0.0,
        3,
        0.0
      ],
      "12": [
        "12",
        "VAL",
        "H",
        0.0,
        2,
        0.0
      ],
      "13": [
        "13",
        "LYS",
        "H",
        0.0,
        4,
        0.0
      ],
      "14": [
        "14",
        "PRO",
        "H",
        0.0,
        2,
        0.0
      ],
      "15": [
        "15",
        "GLY",
        "H",
        0.0,
        0,
        0.0
      ],
      "16": [
        "16",
        "ALA",
        "H",
        0.0,
        0,
        0.0
      ],
      "17": [
        "17",
        "SER",
        "H",
        0.0,
        1,
        0.0
      ],
      "18": [
        "18",
        "VAL",
        "H",
        0.0,
        2,
        0.0
      ],
      "19": [
        "19",
        "LYS",
        "H",
        0.0,
        4,
        0.0
      ],
      "20": [
        "20",
        "MET",
        "H",
        0.0,
        3,
        0.0
      ],
      "21": [
        "21",
        "SER",
        "H",
        0.0,
        1,
        0.0
      ],
      "22": [
        "22",
        "CYS",
        "H",
        0.0,
        1,
        0.0
      ],
      "23": [
        "23",
        "LYS",
        "H",
        0.0,
        4,
        0.0
      ],
      "24": [
        "24",
        "ALA",
        "H",
        0.0,
        0,
        0.0
      ],
      "25": [
        "25",
        "SER",
        "H",
        0.0,
        1,
        0.0
      ],
      "26": [
        "26",
        "GLY",
        "H",
        0.0,
        0,
        0.0
      ],
      "27": [
        "27",
        "TYR",
        "H",
        0.0,
        7,
        0.0
      ],
      "28": [
        "28",
        "THR",
        "H",
        0.0,
        2,
        0.0
      ],
      "29": [
        "29",
        "PHE",
        "H",
        0.0,
        6,
        0.0
      ],
      "30": [
        "30",
        "THR",
        "H",
        0.0,
        2,
        0.0
      ],
      "31": [
        "31",
        "SER",
        "H",
        0.0,
        1,
        0.0
      ],
      "32": [
        "32",
        "TYR",
        "H",
        0.0301,
        7,
        0.0
      ],
      "33": [
        "33",
        "ASN",
        "H",
        5.6429,
        3,
        0.0
      ],
      "34": [
        "34",
        "MET",
        "H",
        0.0,
        3,
        0.0
      ],
      "35": [
        "35",
        "HIS",
        "H",
        2.9517,
        5,
        0.0
      ],
      "36": [
        "36",
        "TRP",
        "H",
        0.0,
        9,
        0.0
      ],
      "37": [
        "37",
        "VAL",
        "H",
        0.0,
        2,
        0.0
      ],
      "38": [
        "38",
        "LYS",
        "H",
        0.0,
        4,
        0.0
      ],
      "39": [
        "39",
        "GLN",
        "H",
        0.0,
        4,
        0.0
      ],
      "40": [
        "40",
        "THR",
        "H",
        0.0,
        2,
        0.0
      ],
      "41": [
        "41",
        "PRO",
        "H",
        0.0,
        2,
        0.0
      ],
      "42": [
        "42",
        "GLY",
        "H",
        0.0,
        0,
        0.0
      ],
      "43": [
        "43",
        "ARG",
        "H",
        0.0,
        6,
        0.0
      ],
      "44": [
        "44",
        "GLY",
        "H",
        0.0,
        0,
        0.0
      ],
      "45": [
        "45",
        "LEU",
        "H",
        0.0,
        3,
        0.0
      ],
      "46": [
        "46",
        "GLU",
        "H",
        0.0,
        4,
        0.0
      ],
      "47": [
        "47",
        "TRP",
        "H",
        3.1713,
        9,
        0.0
      ],
      "48": [
        "48",
        "ILE",
        "H",
        0.0,
        3,
        0.0
      ],
      "49": [
        "49",
        "GLY",
        "H",
        0.0,
        0,
        0.0
      ],
      "50": [
        "50",
        "ALA",
        "H",
        0.0,
        0,
        0.0
      ],
      "51": [
        "51",
        "ILE",
        "H",
        0.4517,
        3,
        0.0
      ],
      "52": [
        "52",
        "TYR",
        "H",
        4.7732,
        7,
        0.0
      ],
      "53": [
        "52",
        "PRO",
        "H",
        0.2233,
        2,
        0.0
      ],
      "54": [
        "53",
        "GLY",
        "H",
        0.0,
        0,
        0.0
      ],
      "55": [
        "54",
        "ASN",
        "H",
        0.6312,
        3,
        0.0
      ],
      "56": [
        "55",
        "GLY",
        "H",
        0.0,
        0,
        0.0
      ],
      "57": [
        "56",
        "ASP",
        "H",
        2.6888,
        3,
        0.0
      ],
      "58": [
        "57",
        "THR",
        "H",
        0.2688,
        2,
        0.0
      ],
      "59": [
        "58",
        "SER",
        "H",
        2.0513,
        1,
        0.0
      ],
      "60": [
        "59",
        "TYR",
        "H",
        0.0693,
        7,
        0.0
      ],
      "61": [
        "60",
        "ASN",
        "H",
        0.0,
        3,
        0.0
      ],
      "62": [
        "61",
        "GLN",
        "H",
        0.1613,
        4,
        0.0
      ],
      "63": [
        "62",
        "LYS",
        "H",
        0.0103,
        4,
        0.0
      ],
      "64": [
        "63",
        "PHE",
        "H",
        0.0,
        6,
        0.0
      ],
      "65": [
        "64",
        "LYS",
        "H",
        0.4428,
        4,
        0.0
      ],
      "66": [
        "65",
        "GLY",
        "H",
        0.0,
        0,
        0.0
      ],
      "67": [
        "66",
        "LYS",
        "H",
        0.0,
        4,
        0.0
      ],
      "68": [
        "67",
        "ALA",
        "H",
        0.0,
        0,
        0.0
      ],
      "69": [
        "68",
        "THR",
        "H",
        0.0,
        2,
        0.0
      ],
      "70": [
        "69",
        "LEU",
        "H",
        0.0855,
        3,
        0.0
      ],
      "71": [
        "70",
        "THR",
        "H",
        0.0,
        2,
        0.0
      ],
      "72": [
        "71",
        "ALA",
        "H",
        0.0,
        0,
        0.0
      ],
      "73": [
        "72",
        "ASP",
        "H",
        0.0,
        3,
        0.0
      ],
      "74": [
        "73",
        "LYS",
        "H",
        0.0,
        4,
        0.0
      ],
      "75": [
        "74",
        "SER",
        "H",
        0.0,
        1,
        0.0
      ],
      "76": [
        "75",
        "SER",
        "H",
        0.0,
        1,
        0.0
      ],
      "77": [
        "76",
        "SER",
        "H",
        0.0,
        1,
        0.0
      ],
      "78": [
        "77",
        "THR",
        "H",
        0.0,
        2,
        0.0
      ],
      "79": [
        "78",
        "ALA",
        "H",
        0.0,
        0,
        0.0
      ],
      "80": [
        "79",
        "TYR",
        "H",
        0.0,
        7,
        0.0
      ],
      "81": [
        "80",
        "MET",
        "H",
        0.0,
        3,
        0.0
      ],
      "82": [
        "81",
        "GLN",
        "H",
        0.0,
        4,
        0.0
      ],
      "83": [
        "82",
        "LEU",
        "H",
        0.0,
        3,
        0.0
      ],
      "84": [
        "82",
        "SER",
        "H",
        0.0,
        1,
        0.0
      ],
      "85": [
        "82",
        "SER",
        "H",
        0.0,
        1,
        0.0
      ],
      "86": [
        "82",
        "LEU",
        "H",
        0.0,
        3,
        0.0
      ],
      "87": [
        "83",
        "THR",
        "H",
        0.0,
        2,
        0.0
      ],
      "88": [
        "84",
        "SER",
        "H",
        0.0,
        1,
        0.0
      ],
      "89": [
        "85",
        "GLU",
        "H",
        0.0,
        4,
        0.0
      ],
      "90": [
        "86",
        "ASP",
        "H",
        0.0,
        3,
        0.0
      ],
      "91": [
        "87",
        "SER",
        "H",
        0.0,
        1,
        0.0
      ],
      "92": [
        "88",
        "ALA",
        "H",
        0.0,
        0,
        0.0
      ],
      "93": [
        "89",
        "VAL",
        "H",
        0.0,
        2,
        0.0
      ],
      "94": [
        "90",
        "TYR",
        "H",
        0.0,
        7,
        0.0
      ],
      "95": [
        "91",
        "TYR",
        "H",
        0.0,
        7,
        0.0
      ],
      "96": [
        "92",
        "CYS",
        "H",
        0.0,
        1,
        0.0
      ],
      "97": [
        "93",
        "ALA",
        "H",
        0.0,
        0,
        0.0
      ],
      "98": [
        "94",
        "ARG",
        "H",
        0.0,
        6,
        0.0
      ],
      "99": [
        "95",
        "SER",
        "H",
        1.3376,
        1,
        0.0
      ],
      "100": [
        "96",
        "THR",
        "H",
        0.0,
        2,
        0.0
      ],
      "101": [
        "97",
        "TYR",
        "H",
        4.6119,
        7,
        0.0
      ],
      "102": [
        "98",
        "TYR",
        "H",
        0.0,
        7,
        0.0
      ],
      "103": [
        "99",
        "GLY",
        "H",
        0.0,
        0,
        0.0
      ],
      "104": [
        "100",
        "GLY",
        "H",
        0.0,
        0,
        0.0
      ],
      "105": [
        "100",
        "ASP",
        "H",
        0.0705,
        3,
        0.0
      ],
      "106": [
        "100",
        "TRP",
        "H",
        2.3136,
        9,
        0.0
      ],
      "107": [
        "100",
        "TYR",
        "H",
        0.0,
        7,
        0.0
      ],
      "108": [
        "100",
        "PHE",
        "H",
        0.206,
        6,
        0.0
      ],
      "109": [
        "101",
        "ASN",
        "H",
        0.0,
        3,
        0.0
      ],
      "110": [
        "102",
        "VAL",
        "H",
        0.0,
        2,
        0.0
      ],
      "111": [
        "103",
        "TRP",
        "H",
        0.0,
        9,
        0.0
      ],
      "112": [
        "104",
        "GLY",
        "H",
        0.0,
        0,
        0.0
      ],
      "113": [
        "105",
        "ALA",
        "H",
        0.0,
        0,
        0.0
      ],
      "114": [
        "106",
        "GLY",
        "H",
        0.0,
        0,
        0.0
      ],
      "115": [
        "107",
        "THR",
        "H",
        0.0,
        2,
        0.0
      ],
      "116": [
        "108",
        "THR",
        "H",
        0.0,
        2,
        0.0
      ],
      "117": [
        "109",
        "VAL",
        "H",
        0.0,
        2,
        0.0
      ],
      "118": [
        "110",
        "THR",
        "H",
        0.0,
        2,
        0.0
      ],
      "119": [
        "111",
        "VAL",
        "H",
        0.0,
        2,
        0.0
      ],
      "120": [
        "112",
        "SER",
        "H",
        0.0,
        1,
        0.0
      ],
      "121": [
        "113",
        "ALA",
        "H",
        0.0,
        0,
        0.0
      ],
      "122": [
        "114",
        "ALA",
        "H",
        0.0,
        0,
        0.0
      ],
      "123": [
        "115",
        "SER",
        "H",
        0.0,
        1,
        0.0
      ],
      "124": [
        "116",
        "THR",
        "H",
        0.0,
        2,
        0.0
      ],
      "125": [
        "117",
        "LYS",
        "H",
        0.0,
        4,
        0.0
      ],
      "126": [
        "118",
        "GLY",
        "H",
        0.0,
        0,
        0.0
      ],
      "127": [
        "119",
        "PRO",
        "H",
        0.0,
        2,
        0.0
      ],
      "128": [
        "120",
        "SER",
        "H",
        0.0,
        1,
        0.0
      ],
      "129": [
        "121",
        "VAL",
        "H",
        0.0,
        2,
        0.0
      ],
      "130": [
        "122",
        "PHE",
        "H",
        0.0,
        6,
        0.0
      ],
      "131": [
        "123",
        "PRO",
        "H",
        0.0,
        2,
        0.0
      ],
      "132": [
        "124",
        "LEU",
        "H",
        0.0,
        3,
        0.0
      ],
      "133": [
        "125",
        "ALA",
        "H",
        0.0,
        0,
        0.0
      ],
      "134": [
        "126",
        "PRO",
        "H",
        0.0,
        2,
        0.0
      ],
      "135": [
        "127",
        "SER",
        "H",
        0.0,
        1,
        0.0
      ],
      "136": [
        "128",
        "SER",
        "H",
        0.0,
        1,
        0.0
      ],
      "137": [
        "129",
        "LYS",
        "H",
        0.0,
        4,
        0.0
      ],
      "138": [
        "130",
        "SER",
        "H",
        0.0,
        1,
        0.0
      ],
      "139": [
        "131",
        "THR",
        "H",
        0.0,
        2,
        0.0
      ],
      "140": [
        "132",
        "SER",
        "H",
        0.0,
        1,
        0.0
      ],
      "141": [
        "133",
        "GLY",
        "H",
        0.0,
        0,
        0.0
      ],
      "142": [
        "134",
        "GLY",
        "H",
        0.0,
        0,
        0.0
      ],
      "143": [
        "135",
        "THR",
        "H",
        0.0,
        2,
        0.0
      ],
      "144": [
        "136",
        "ALA",
        "H",
        0.0,
        0,
        0.0
      ],
      "145": [
        "137",
        "ALA",
        "H",
        0.0,
        0,
        0.0
      ],
      "146": [
        "138",
        "LEU",
        "H",
        0.0,
        3,
        0.0
      ],
      "147": [
        "139",
        "GLY",
        "H",
        0.0,
        0,
        0.0
      ],
      "148": [
        "140",
        "CYS",
        "H",
        0.0,
        1,
        0.0
      ],
      "149": [
        "141",
        "LEU",
        "H",
        0.0,
        3,
        0.0
      ],
      "150": [
        "142",
        "VAL",
        "H",
        0.0,
        2,
        0.0
      ],
      "151": [
        "143",
        "LYS",
        "H",
        0.0,
        4,
        0.0
      ],
      "152": [
        "144",
        "ASP",
        "H",
        0.0,
        3,
        0.0
      ],
      "153": [
        "145",
        "TYR",
        "H",
        0.0,
        7,
        0.0
      ],
      "154": [
        "146",
        "PHE",
        "H",
        0.0,
        6,
        0.0
      ],
      "155": [
        "147",
        "PRO",
        "H",
        0.0,
        2,
        0.0
      ],
      "156": [
        "148",
        "GLU",
        "H",
        0.0,
        4,
        0.0
      ],
      "157": [
        "149",
        "PRO",
        "H",
        0.0,
        2,
        0.0
      ],
      "158": [
        "150",
        "VAL",
        "H",
        0.0,
        2,
        0.0
      ],
      "159": [
        "151",
        "THR",
        "H",
        0.0,
        2,
        0.0
      ],
      "160": [
        "152",
        "VAL",
        "H",
        0.0,
        2,
        0.0
      ],
      "161": [
        "153",
        "SER",
        "H",
        0.0,
        1,
        0.0
      ],
      "162": [
        "154",
        "TRP",
        "H",
        0.0,
        9,
        0.0
      ],
      "163": [
        "155",
        "ASN",
        "H",
        0.0,
        3,
        0.0
      ],
      "164": [
        "156",
        "SER",
        "H",
        0.0,
        1,
        0.0
      ],
      "165": [
        "157",
        "GLY",
        "H",
        0.0,
        0,
        0.0
      ],
      "166": [
        "158",
        "ALA",
        "H",
        0.0,
        0,
        0.0
      ],
      "167": [
        "159",
        "LEU",
        "H",
        0.0,
        3,
        0.0
      ],
      "168": [
        "160",
        "THR",
        "H",
        0.0,
        2,
        0.0
      ],
      "169": [
        "161",
        "SER",
        "H",
        0.0,
        1,
        0.0
      ],
      "170": [
        "162",
        "GLY",
        "H",
        0.0,
        0,
        0.0
      ],
      "171": [
        "163",
        "VAL",
        "H",
        0.0,
        2,
        0.0
      ],
      "172": [
        "164",
        "HIS",
        "H",
        0.0,
        5,
        0.0
      ],
      "173": [
        "165",
        "THR",
        "H",
        0.0,
        2,
        0.0
      ],
      "174": [
        "166",
        "PHE",
        "H",
        0.0,
        6,
        0.0
      ],
      "175": [
        "167",
        "PRO",
        "H",
        0.0,
        2,
        0.0
      ],
      "176": [
        "168",
        "ALA",
        "H",
        0.0,
        0,
        0.0
      ],
      "177": [
        "169",
        "VAL",
        "H",
        0.0,
        2,
        0.0
      ],
      "178": [
        "170",
        "LEU",
        "H",
        0.0,
        3,
        0.0
      ],
      "179": [
        "171",
        "GLN",
        "H",
        0.0,
        4,
        0.0
      ],
      "180": [
        "172",
        "SER",
        "H",
        0.0,
        1,
        0.0
      ],
      "181": [
        "173",
        "SER",
        "H",
        0.0,
        1,
        0.0
      ],
      "182": [
        "174",
        "GLY",
        "H",
        0.0,
        0,
        0.0
      ],
      "183": [
        "175",
        "LEU",
        "H",
        0.0,
        3,
        0.0
      ],
      "184": [
        "176",
        "TYR",
        "H",
        0.0,
        7,
        0.0
      ],
      "185": [
        "177",
        "SER",
        "H",
        0.0,
        1,
        0.0
      ],
      "186": [
        "178",
        "LEU",
        "H",
        0.0,
        3,
        0.0
      ],
      "187": [
        "179",
        "SER",
        "H",
        0.0,
        1,
        0.0
      ],
      "188": [
        "180",
        "SER",
        "H",
        0.0,
        1,
        0.0
      ],
      "189": [
        "181",
        "VAL",
        "H",
        0.0,
        2,
        0.0
      ],
      "190": [
        "182",
        "VAL",
        "H",
        0.0,
        2,
        0.0
      ],
      "191": [
        "183",
        "THR",
        "H",
        0.0,
        2,
        0.0
      ],
      "192": [
        "184",
        "VAL",
        "H",
        0.0,
        2,
        0.0
      ],
      "193": [
        "185",
        "PRO",
        "H",
        0.0,
        2,
        0.0
      ],
      "194": [
        "186",
        "SER",
        "H",
        0.0,
        1,
        0.0
      ],
      "195": [
        "187",
        "SER",
        "H",
        0.0,
        1,
        0.0
      ],
      "196": [
        "188",
        "SER",
        "H",
        0.0,
        1,
        0.0
      ],
      "197": [
        "189",
        "LEU",
        "H",
        0.0,
        3,
        0.0
      ],
      "198": [
        "190",
        "GLY",
        "H",
        0.0,
        0,
        0.0
      ],
      "199": [
        "191",
        "THR",
        "H",
        0.0,
        2,
        0.0
      ],
      "200": [
        "192",
        "GLN",
        "H",
        0.0,
        4,
        0.0
      ],
      "201": [
        "193",
        "THR",
        "H",
        0.0,
        2,
        0.0
      ],
      "202": [
        "194",
        "TYR",
        "H",
        0.0,
        7,
        0.0
      ],
      "203": [
        "195",
        "ILE",
        "H",
        0.0,
        3,
        0.0
      ],
      "204": [
        "196",
        "CYS",
        "H",
        0.0,
        1,
        0.0
      ],
      "205": [
        "197",
        "ASN",
        "H",
        0.0,
        3,
        0.0
      ],
      "206": [
        "198",
        "VAL",
        "H",
        0.0,
        2,
        0.0
      ],
      "207": [
        "199",
        "ASN",
        "H",
        0.0,
        3,
        0.0
      ],
      "208": [
        "200",
        "HIS",
        "H",
        0.0,
        5,
        0.0
      ],
      "209": [
        "201",
        "LYS",
        "H",
        0.0,
        4,
        0.0
      ],
      "210": [
        "202",
        "PRO",
        "H",
        0.0,
        2,
        0.0
      ],
      "211": [
        "203",
        "SER",
        "H",
        0.0,
        1,
        0.0
      ],
      "212": [
        "204",
        "ASN",
        "H",
        0.0,
        3,
        0.0
      ],
      "213": [
        "205",
        "THR",
        "H",
        0.0,
        2,
        0.0
      ],
      "214": [
        "206",
        "LYS",
        "H",
        0.0,
        4,
        0.0
      ],
      "215": [
        "207",
        "VAL",
        "H",
        0.0,
        2,
        0.0
      ],
      "216": [
        "208",
        "ASP",
        "H",
        0.0,
        3,
        0.0
      ],
      "217": [
        "209",
        "LYS",
        "H",
        0.0,
        4,
        0.0
      ],
      "218": [
        "210",
        "LYS",
        "H",
        0.0,
        4,
        0.0
      ],
      "219": [
        "211",
        "VAL",
        "H",
        0.0,
        2,
        0.0
      ],
      "220": [
        "212",
        "GLU",
        "H",
        0.0,
        4,
        0.0
      ],
      "221": [
        "213",
        "PRO",
        "H",
        0.0,
        2,
        0.0
      ],
      "222": [
        "214",
        "LYS",
        "H",
        0.0,
        4,
        0.0
      ],
      "223": [
        "215",
        "SER",
        "H",
        0.0,
        1,
        0.0
      ],
      "224": [
        "216",
        "CYS",
        "H",
        0.0,
        1,
        0.0
      ],
      "225": [
        "1",
        "GLN",
        "I",
        0.0,
        4,
        0.0
      ],
      "226": [
        "2",
        "VAL",
        "I",
        0.0,
        2,
        0.0
      ],
      "227": [
        "3",
        "GLN",
        "I",
        0.0,
        4,
        0.0
      ],
      "228": [
        "4",
        "LEU",
        "I",
        0.0,
        3,
        0.0
      ],
      "229": [
        "5",
        "GLN",
        "I",
        0.0,
        4,
        0.0
      ],
      "230": [
        "6",
        "GLN",
        "I",
        0.0,
        4,
        0.0
      ],
      "231": [
        "7",
        "PRO",
        "I",
        0.0,
        2,
        0.0
      ],
      "232": [
        "8",
        "GLY",
        "I",
        0.0,
        0,
        0.0
      ],
      "233": [
        "9",
        "ALA",
        "I",
        0.0,
        0,
        0.0
      ],
      "234": [
        "10",
        "GLU",
        "I",
        0.0,
        4,
        0.0
      ],
      "235": [
        "11",
        "LEU",
        "I",
        0.0,
        3,
        0.0
      ],
      "236": [
        "12",
        "VAL",
        "I",
        0.0,
        2,
        0.0
      ],
      "237": [
        "13",
        "LYS",
        "I",
        0.0,
        4,
        0.0
      ],
      "238": [
        "14",
        "PRO",
        "I",
        0.0,
        2,
        0.0
      ],
      "239": [
        "15",
        "GLY",
        "I",
        0.0,
        0,
        0.0
      ],
      "240": [
        "16",
        "ALA",
        "I",
        0.0,
        0,
        0.0
      ],
      "241": [
        "17",
        "SER",
        "I",
        0.0,
        1,
        0.0
      ],
      "242": [
        "18",
        "VAL",
        "I",
        0.0,
        2,
        0.0
      ],
      "243": [
        "19",
        "LYS",
        "I",
        0.0,
        4,
        0.0
      ],
      "244": [
        "20",
        "MET",
        "I",
        0.0,
        3,
        0.0
      ],
      "245": [
        "21",
        "SER",
        "I",
        0.0,
        1,
        0.0
      ],
      "246": [
        "22",
        "CYS",
        "I",
        0.0,
        1,
        0.0
      ],
      "247": [
        "23",
        "LYS",
        "I",
        0.0,
        4,
        0.0
      ],
      "248": [
        "24",
        "ALA",
        "I",
        0.0,
        0,
        0.0
      ],
      "249": [
        "25",
        "SER",
        "I",
        0.0,
        1,
        0.0
      ],
      "250": [
        "26",
        "GLY",
        "I",
        0.0,
        0,
        0.0
      ],
      "251": [
        "27",
        "TYR",
        "I",
        0.0,
        7,
        0.0
      ],
      "252": [
        "28",
        "THR",
        "I",
        0.0,
        2,
        0.0
      ],
      "253": [
        "29",
        "PHE",
        "I",
        0.0,
        6,
        0.0
      ],
      "254": [
        "30",
        "THR",
        "I",
        0.0,
        2,
        0.0
      ],
      "255": [
        "31",
        "SER",
        "I",
        0.0,
        1,
        0.0
      ],
      "256": [
        "32",
        "TYR",
        "I",
        0.0306,
        7,
        0.0
      ],
      "257": [
        "33",
        "ASN",
        "I",
        8.1583,
        3,
        0.0
      ],
      "258": [
        "34",
        "MET",
        "I",
        0.0,
        3,
        0.0
      ],
      "259": [
        "35",
        "HIS",
        "I",
        3.1732,
        5,
        0.0
      ],
      "260": [
        "36",
        "TRP",
        "I",
        0.0,
        9,
        0.0
      ],
      "261": [
        "37",
        "VAL",
        "I",
        0.0,
        2,
        0.0
      ],
      "262": [
        "38",
        "LYS",
        "I",
        0.0,
        4,
        0.0
      ],
      "263": [
        "39",
        "GLN",
        "I",
        0.0,
        4,
        0.0
      ],
      "264": [
        "40",
        "THR",
        "I",
        0.0,
        2,
        0.0
      ],
      "265": [
        "41",
        "PRO",
        "I",
        0.0,
        2,
        0.0
      ],
      "266": [
        "42",
        "GLY",
        "I",
        0.0,
        0,
        0.0
      ],
      "267": [
        "43",
        "ARG",
        "I",
        0.0,
        6,
        0.0
      ],
      "268": [
        "44",
        "GLY",
        "I",
        0.0,
        0,
        0.0
      ],
      "269": [
        "45",
        "LEU",
        "I",
        0.0,
        3,
        0.0
      ],
      "270": [
        "46",
        "GLU",
        "I",
        0.0,
        4,
        0.0
      ],
      "271": [
        "47",
        "TRP",
        "I",
        3.1601,
        9,
        0.0
      ],
      "272": [
        "48",
        "ILE",
        "I",
        0.0,
        3,
        0.0
      ],
      "273": [
        "49",
        "GLY",
        "I",
        0.0,
        0,
        0.0
      ],
      "274": [
        "50",
        "ALA",
        "I",
        0.0,
        0,
        0.0
      ],
      "275": [
        "51",
        "ILE",
        "I",
        0.4454,
        3,
        0.0
      ],
      "276": [
        "52",
        "TYR",
        "I",
        4.8067,
        7,
        0.0
      ],
      "277": [
        "52",
        "PRO",
        "I",
        0.2329,
        2,
        0.0
      ],
      "278": [
        "53",
        "GLY",
        "I",
        0.0,
        0,
        0.0
      ],
      "279": [
        "54",
        "ASN",
        "I",
        0.6318,
        3,
        0.0
      ],
      "280": [
        "55",
        "GLY",
        "I",
        0.0,
        0,
        0.0
      ],
      "281": [
        "56",
        "ASP",
        "I",
        2.4601,
        3,
        0.0
      ],
      "282": [
        "57",
        "THR",
        "I",
        0.2644,
        2,
        0.0
      ],
      "283": [
        "58",
        "SER",
        "I",
        1.9069,
        1,
        0.0
      ],
      "284": [
        "59",
        "TYR",
        "I",
        0.0728,
        7,
        0.0
      ],
      "285": [
        "60",
        "ASN",
        "I",
        0.0,
        3,
        0.0
      ],
      "286": [
        "61",
        "GLN",
        "I",
        0.1551,
        4,
        0.0
      ],
      "287": [
        "62",
        "LYS",
        "I",
        0.0109,
        4,
        0.0
      ],
      "288": [
        "63",
        "PHE",
        "I",
        0.0,
        6,
        0.0
      ],
      "289": [
        "64",
        "LYS",
        "I",
        0.5075,
        4,
        0.0
      ],
      "290": [
        "65",
        "GLY",
        "I",
        0.0,
        0,
        0.0
      ],
      "291": [
        "66",
        "LYS",
        "I",
        0.0,
        4,
        0.0
      ],
      "292": [
        "67",
        "ALA",
        "I",
        0.0,
        0,
        0.0
      ],
      "293": [
        "68",
        "THR",
        "I",
        0.0,
        2,
        0.0
      ],
      "294": [
        "69",
        "LEU",
        "I",
        0.0834,
        3,
        0.0
      ],
      "295": [
        "70",
        "THR",
        "I",
        0.0,
        2,
        0.0
      ],
      "296": [
        "71",
        "ALA",
        "I",
        0.0,
        0,
        0.0
      ],
      "297": [
        "72",
        "ASP",
        "I",
        0.0,
        3,
        0.0
      ],
      "298": [
        "73",
        "LYS",
        "I",
        0.0,
        4,
        0.0
      ],
      "299": [
        "74",
        "SER",
        "I",
        0.0,
        1,
        0.0
      ],
      "300": [
        "75",
        "SER",
        "I",
        0.0,
        1,
        0.0
      ],
      "301": [
        "76",
        "SER",
        "I",
        0.0,
        1,
        0.0
      ],
      "302": [
        "77",
        "THR",
        "I",
        0.0,
        2,
        0.0
      ],
      "303": [
        "78",
        "ALA",
        "I",
        0.0,
        0,
        0.0
      ],
      "304": [
        "79",
        "TYR",
        "I",
        0.0,
        7,
        0.0
      ],
      "305": [
        "80",
        "MET",
        "I",
        0.0,
        3,
        0.0
      ],
      "306": [
        "81",
        "GLN",
        "I",
        0.0,
        4,
        0.0
      ],
      "307": [
        "82",
        "LEU",
        "I",
        0.0,
        3,
        0.0
      ],
      "308": [
        "82",
        "SER",
        "I",
        0.0,
        1,
        0.0
      ],
      "309": [
        "82",
        "SER",
        "I",
        0.0,
        1,
        0.0
      ],
      "310": [
        "82",
        "LEU",
        "I",
        0.0,
        3,
        0.0
      ],
      "311": [
        "83",
        "THR",
        "I",
        0.0,
        2,
        0.0
      ],
      "312": [
        "84",
        "SER",
        "I",
        0.0,
        1,
        0.0
      ],
      "313": [
        "85",
        "GLU",
        "I",
        0.0,
        4,
        0.0
      ],
      "314": [
        "86",
        "ASP",
        "I",
        0.0,
        3,
        0.0
      ],
      "315": [
        "87",
        "SER",
        "I",
        0.0,
        1,
        0.0
      ],
      "316": [
        "88",
        "ALA",
        "I",
        0.0,
        0,
        0.0
      ],
      "317": [
        "89",
        "VAL",
        "I",
        0.0,
        2,
        0.0
      ],
      "318": [
        "90",
        "TYR",
        "I",
        0.0,
        7,
        0.0
      ],
      "319": [
        "91",
        "TYR",
        "I",
        0.0,
        7,
        0.0
      ],
      "320": [
        "92",
        "CYS",
        "I",
        0.0,
        1,
        0.0
      ],
      "321": [
        "93",
        "ALA",
        "I",
        0.0,
        0,
        0.0
      ],
      "322": [
        "94",
        "ARG",
        "I",
        0.0,
        6,
        0.0
      ],
      "323": [
        "95",
        "SER",
        "I",
        1.1765,
        1,
        0.0
      ],
      "324": [
        "96",
        "THR",
        "I",
        0.0,
        2,
        0.0
      ],
      "325": [
        "97",
        "TYR",
        "I",
        4.6047,
        7,
        0.0
      ],
      "326": [
        "98",
        "TYR",
        "I",
        0.0,
        7,
        0.0
      ],
      "327": [
        "99",
        "GLY",
        "I",
        0.0,
        0,
        0.0
      ],
      "328": [
        "100",
        "GLY",
        "I",
        0.0,
        0,
        0.0
      ],
      "329": [
        "100",
        "ASP",
        "I",
        0.0613,
        3,
        0.0
      ],
      "330": [
        "100",
        "TRP",
        "I",
        2.7629,
        9,
        0.0
      ],
      "331": [
        "100",
        "TYR",
        "I",
        0.0,
        7,
        0.0
      ],
      "332": [
        "100",
        "PHE",
        "I",
        0.2061,
        6,
        0.0
      ],
      "333": [
        "101",
        "ASN",
        "I",
        0.0,
        3,
        0.0
      ],
      "334": [
        "102",
        "VAL",
        "I",
        0.0,
        2,
        0.0
      ],
      "335": [
        "103",
        "TRP",
        "I",
        0.0,
        9,
        0.0
      ],
      "336": [
        "104",
        "GLY",
        "I",
        0.0,
        0,
        0.0
      ],
      "337": [
        "105",
        "ALA",
        "I",
        0.0,
        0,
        0.0
      ],
      "338": [
        "106",
        "GLY",
        "I",
        0.0,
        0,
        0.0
      ],
      "339": [
        "107",
        "THR",
        "I",
        0.0,
        2,
        0.0
      ],
      "340": [
        "108",
        "THR",
        "I",
        0.0,
        2,
        0.0
      ],
      "341": [
        "109",
        "VAL",
        "I",
        0.0,
        2,
        0.0
      ],
      "342": [
        "110",
        "THR",
        "I",
        0.0,
        2,
        0.0
      ],
      "343": [
        "111",
        "VAL",
        "I",
        0.0,
        2,
        0.0
      ],
      "344": [
        "112",
        "SER",
        "I",
        0.0,
        1,
        0.0
      ],
      "345": [
        "113",
        "ALA",
        "I",
        0.0,
        0,
        0.0
      ],
      "346": [
        "114",
        "ALA",
        "I",
        0.0,
        0,
        0.0
      ],
      "347": [
        "115",
        "SER",
        "I",
        0.0,
        1,
        0.0
      ],
      "348": [
        "116",
        "THR",
        "I",
        0.0,
        2,
        0.0
      ],
      "349": [
        "117",
        "LYS",
        "I",
        0.0,
        4,
        0.0
      ],
      "350": [
        "118",
        "GLY",
        "I",
        0.0,
        0,
        0.0
      ],
      "351": [
        "119",
        "PRO",
        "I",
        0.0,
        2,
        0.0
      ],
      "352": [
        "120",
        "SER",
        "I",
        0.0,
        1,
        0.0
      ],
      "353": [
        "121",
        "VAL",
        "I",
        0.0,
        2,
        0.0
      ],
      "354": [
        "122",
        "PHE",
        "I",
        0.0,
        6,
        0.0
      ],
      "355": [
        "123",
        "PRO",
        "I",
        0.0,
        2,
        0.0
      ],
      "356": [
        "124",
        "LEU",
        "I",
        0.0,
        3,
        0.0
      ],
      "357": [
        "125",
        "ALA",
        "I",
        0.0,
        0,
        0.0
      ],
      "358": [
        "126",
        "PRO",
        "I",
        0.0,
        2,
        0.0
      ],
      "359": [
        "127",
        "SER",
        "I",
        0.0,
        1,
        0.0
      ],
      "360": [
        "128",
        "SER",
        "I",
        0.0,
        1,
        0.0
      ],
      "361": [
        "129",
        "LYS",
        "I",
        0.0,
        4,
        0.0
      ],
      "362": [
        "130",
        "SER",
        "I",
        0.0,
        1,
        0.0
      ],
      "363": [
        "131",
        "THR",
        "I",
        0.0,
        2,
        0.0
      ],
      "364": [
        "132",
        "SER",
        "I",
        0.0,
        1,
        0.0
      ],
      "365": [
        "133",
        "GLY",
        "I",
        0.0,
        0,
        0.0
      ],
      "366": [
        "134",
        "GLY",
        "I",
        0.0,
        0,
        0.0
      ],
      "367": [
        "135",
        "THR",
        "I",
        0.0,
        2,
        0.0
      ],
      "368": [
        "136",
        "ALA",
        "I",
        0.0,
        0,
        0.0
      ],
      "369": [
        "137",
        "ALA",
        "I",
        0.0,
        0,
        0.0
      ],
      "370": [
        "138",
        "LEU",
        "I",
        0.0,
        3,
        0.0
      ],
      "371": [
        "139",
        "GLY",
        "I",
        0.0,
        0,
        0.0
      ],
      "372": [
        "140",
        "CYS",
        "I",
        0.0,
        1,
        0.0
      ],
      "373": [
        "141",
        "LEU",
        "I",
        0.0,
        3,
        0.0
      ],
      "374": [
        "142",
        "VAL",
        "I",
        0.0,
        2,
        0.0
      ],
      "375": [
        "143",
        "LYS",
        "I",
        0.0,
        4,
        0.0
      ],
      "376": [
        "144",
        "ASP",
        "I",
        0.0,
        3,
        0.0
      ],
      "377": [
        "145",
        "TYR",
        "I",
        0.0,
        7,
        0.0
      ],
      "378": [
        "146",
        "PHE",
        "I",
        0.0,
        6,
        0.0
      ],
      "379": [
        "147",
        "PRO",
        "I",
        0.0,
        2,
        0.0
      ],
      "380": [
        "148",
        "GLU",
        "I",
        0.0,
        4,
        0.0
      ],
      "381": [
        "149",
        "PRO",
        "I",
        0.0,
        2,
        0.0
      ],
      "382": [
        "150",
        "VAL",
        "I",
        0.0,
        2,
        0.0
      ],
      "383": [
        "151",
        "THR",
        "I",
        0.0,
        2,
        0.0
      ],
      "384": [
        "152",
        "VAL",
        "I",
        0.0,
        2,
        0.0
      ],
      "385": [
        "153",
        "SER",
        "I",
        0.0,
        1,
        0.0
      ],
      "386": [
        "154",
        "TRP",
        "I",
        0.0,
        9,
        0.0
      ],
      "387": [
        "155",
        "ASN",
        "I",
        0.0,
        3,
        0.0
      ],
      "388": [
        "156",
        "SER",
        "I",
        0.0,
        1,
        0.0
      ],
      "389": [
        "157",
        "GLY",
        "I",
        0.0,
        0,
        0.0
      ],
      "390": [
        "158",
        "ALA",
        "I",
        0.0,
        0,
        0.0
      ],
      "391": [
        "159",
        "LEU",
        "I",
        0.0,
        3,
        0.0
      ],
      "392": [
        "160",
        "THR",
        "I",
        0.0,
        2,
        0.0
      ],
      "393": [
        "161",
        "SER",
        "I",
        0.0,
        1,
        0.0
      ],
      "394": [
        "162",
        "GLY",
        "I",
        0.0,
        0,
        0.0
      ],
      "395": [
        "163",
        "VAL",
        "I",
        0.0,
        2,
        0.0
      ],
      "396": [
        "164",
        "HIS",
        "I",
        0.0,
        5,
        0.0
      ],
      "397": [
        "165",
        "THR",
        "I",
        0.0,
        2,
        0.0
      ],
      "398": [
        "166",
        "PHE",
        "I",
        0.0,
        6,
        0.0
      ],
      "399": [
        "167",
        "PRO",
        "I",
        0.0,
        2,
        0.0
      ],
      "400": [
        "168",
        "ALA",
        "I",
        0.0,
        0,
        0.0
      ],
      "401": [
        "169",
        "VAL",
        "I",
        0.0,
        2,
        0.0
      ],
      "402": [
        "170",
        "LEU",
        "I",
        0.0,
        3,
        0.0
      ],
      "403": [
        "171",
        "GLN",
        "I",
        0.0,
        4,
        0.0
      ],
      "404": [
        "172",
        "SER",
        "I",
        0.0,
        1,
        0.0
      ],
      "405": [
        "173",
        "SER",
        "I",
        0.0,
        1,
        0.0
      ],
      "406": [
        "174",
        "GLY",
        "I",
        0.0,
        0,
        0.0
      ],
      "407": [
        "175",
        "LEU",
        "I",
        0.0,
        3,
        0.0
      ],
      "408": [
        "176",
        "TYR",
        "I",
        0.0,
        7,
        0.0
      ],
      "409": [
        "177",
        "SER",
        "I",
        0.0,
        1,
        0.0
      ],
      "410": [
        "178",
        "LEU",
        "I",
        0.0,
        3,
        0.0
      ],
      "411": [
        "179",
        "SER",
        "I",
        0.0,
        1,
        0.0
      ],
      "412": [
        "180",
        "SER",
        "I",
        0.0,
        1,
        0.0
      ],
      "413": [
        "181",
        "VAL",
        "I",
        0.0,
        2,
        0.0
      ],
      "414": [
        "182",
        "VAL",
        "I",
        0.0,
        2,
        0.0
      ],
      "415": [
        "183",
        "THR",
        "I",
        0.0,
        2,
        0.0
      ],
      "416": [
        "184",
        "VAL",
        "I",
        0.0,
        2,
        0.0
      ],
      "417": [
        "185",
        "PRO",
        "I",
        0.0,
        2,
        0.0
      ],
      "418": [
        "186",
        "SER",
        "I",
        0.0,
        1,
        0.0
      ],
      "419": [
        "187",
        "SER",
        "I",
        0.0,
        1,
        0.0
      ],
      "420": [
        "188",
        "SER",
        "I",
        0.0,
        1,
        0.0
      ],
      "421": [
        "189",
        "LEU",
        "I",
        0.0,
        3,
        0.0
      ],
      "422": [
        "190",
        "GLY",
        "I",
        0.0,
        0,
        0.0
      ],
      "423": [
        "191",
        "THR",
        "I",
        0.0,
        2,
        0.0
      ],
      "424": [
        "192",
        "GLN",
        "I",
        0.0,
        4,
        0.0
      ],
      "425": [
        "193",
        "THR",
        "I",
        0.0,
        2,
        0.0
      ],
      "426": [
        "194",
        "TYR",
        "I",
        0.0,
        7,
        0.0
      ],
      "427": [
        "195",
        "ILE",
        "I",
        0.0,
        3,
        0.0
      ],
      "428": [
        "196",
        "CYS",
        "I",
        0.0,
        1,
        0.0
      ],
      "429": [
        "197",
        "ASN",
        "I",
        0.0,
        3,
        0.0
      ],
      "430": [
        "198",
        "VAL",
        "I",
        0.0,
        2,
        0.0
      ],
      "431": [
        "199",
        "ASN",
        "I",
        0.0,
        3,
        0.0
      ],
      "432": [
        "200",
        "HIS",
        "I",
        0.0,
        5,
        0.0
      ],
      "433": [
        "201",
        "LYS",
        "I",
        0.0,
        4,
        0.0
      ],
      "434": [
        "202",
        "PRO",
        "I",
        0.0,
        2,
        0.0
      ],
      "435": [
        "203",
        "SER",
        "I",
        0.0,
        1,
        0.0
      ],
      "436": [
        "204",
        "ASN",
        "I",
        0.0,
        3,
        0.0
      ],
      "437": [
        "205",
        "THR",
        "I",
        0.0,
        2,
        0.0
      ],
      "438": [
        "206",
        "LYS",
        "I",
        0.0,
        4,
        0.0
      ],
      "439": [
        "207",
        "VAL",
        "I",
        0.0,
        2,
        0.0
      ],
      "440": [
        "208",
        "ASP",
        "I",
        0.0,
        3,
        0.0
      ],
      "441": [
        "209",
        "LYS",
        "I",
        0.0,
        4,
        0.0
      ],
      "442": [
        "210",
        "LYS",
        "I",
        0.0,
        4,
        0.0
      ],
      "443": [
        "211",
        "VAL",
        "I",
        0.0,
        2,
        0.0
      ],
      "444": [
        "212",
        "GLU",
        "I",
        0.0,
        4,
        0.0
      ],
      "445": [
        "213",
        "PRO",
        "I",
        0.0,
        2,
        0.0
      ],
      "446": [
        "214",
        "LYS",
        "I",
        0.0,
        4,
        0.0
      ],
      "447": [
        "215",
        "SER",
        "I",
        0.0,
        1,
        0.0
      ],
      "448": [
        "216",
        "CYS",
        "I",
        0.0,
        1,
        0.0
      ],
      "449": [
        "1",
        "GLN",
        "L",
        0.0,
        4,
        0.0
      ],
      "450": [
        "2",
        "ILE",
        "L",
        0.6341,
        3,
        0.0
      ],
      "451": [
        "3",
        "VAL",
        "L",
        0.0041,
        2,
        0.0
      ],
      "452": [
        "4",
        "LEU",
        "L",
        0.0,
        3,
        0.0
      ],
      "453": [
        "5",
        "SER",
        "L",
        0.0,
        1,
        0.0
      ],
      "454": [
        "6",
        "GLN",
        "L",
        0.0,
        4,
        0.0
      ],
      "455": [
        "7",
        "SER",
        "L",
        0.0,
        1,
        0.0
      ],
      "456": [
        "8",
        "PRO",
        "L",
        0.0,
        2,
        0.0
      ],
      "457": [
        "9",
        "ALA",
        "L",
        0.0,
        0,
        0.0
      ],
      "458": [
        "10",
        "ILE",
        "L",
        0.0,
        3,
        0.0
      ],
      "459": [
        "11",
        "LEU",
        "L",
        0.0,
        3,
        0.0
      ],
      "460": [
        "12",
        "SER",
        "L",
        0.0,
        1,
        0.0
      ],
      "461": [
        "13",
        "ALA",
        "L",
        0.0,
        0,
        0.0
      ],
      "462": [
        "14",
        "SER",
        "L",
        0.0,
        1,
        0.0
      ],
      "463": [
        "15",
        "PRO",
        "L",
        0.0,
        2,
        0.0
      ],
      "464": [
        "16",
        "GLY",
        "L",
        0.0,
        0,
        0.0
      ],
      "465": [
        "17",
        "GLU",
        "L",
        0.0,
        4,
        0.0
      ],
      "466": [
        "18",
        "LYS",
        "L",
        0.0,
        4,
        0.0
      ],
      "467": [
        "19",
        "VAL",
        "L",
        0.0,
        2,
        0.0
      ],
      "468": [
        "20",
        "THR",
        "L",
        0.0,
        2,
        0.0
      ],
      "469": [
        "21",
        "MET",
        "L",
        0.0,
        3,
        0.0
      ],
      "470": [
        "22",
        "THR",
        "L",
        0.0,
        2,
        0.0
      ],
      "471": [
        "23",
        "CYS",
        "L",
        0.0,
        1,
        0.0
      ],
      "472": [
        "24",
        "ARG",
        "L",
        0.0,
        6,
        0.0
      ],
      "473": [
        "25",
        "ALA",
        "L",
        0.0,
        0,
        0.0
      ],
      "474": [
        "26",
        "SER",
        "L",
        0.0,
        1,
        0.0
      ],
      "475": [
        "28",
        "SER",
        "L",
        1.7064,
        1,
        0.0
      ],
      "476": [
        "29",
        "SER",
        "L",
        0.218,
        1,
        0.0
      ],
      "477": [
        "30",
        "VAL",
        "L",
        0.5687,
        2,
        0.0
      ],
      "478": [
        "31",
        "SER",
        "L",
        -0.321,
        1,
        0.0
      ],
      "479": [
        "32",
        "TYR",
        "L",
        2.1865,
        7,
        0.0
      ],
      "480": [
        "33",
        "ILE",
        "L",
        0.0,
        3,
        0.0
      ],
      "481": [
        "34",
        "HIS",
        "L",
        0.0,
        5,
        0.0
      ],
      "482": [
        "35",
        "TRP",
        "L",
        0.0,
        9,
        0.0
      ],
      "483": [
        "36",
        "PHE",
        "L",
        0.0,
        6,
        0.0
      ],
      "484": [
        "37",
        "GLN",
        "L",
        0.0,
        4,
        0.0
      ],
      "485": [
        "38",
        "GLN",
        "L",
        0.0,
        4,
        0.0
      ],
      "486": [
        "39",
        "LYS",
        "L",
        0.0,
        4,
        0.0
      ],
      "487": [
        "40",
        "PRO",
        "L",
        0.0,
        2,
        0.0
      ],
      "488": [
        "41",
        "GLY",
        "L",
        0.0,
        0,
        0.0
      ],
      "489": [
        "42",
        "SER",
        "L",
        0.0,
        1,
        0.0
      ],
      "490": [
        "43",
        "SER",
        "L",
        0.0,
        1,
        0.0
      ],
      "491": [
        "44",
        "PRO",
        "L",
        0.0,
        2,
        0.0
      ],
      "492": [
        "45",
        "LYS",
        "L",
        0.0,
        4,
        0.0
      ],
      "493": [
        "46",
        "PRO",
        "L",
        0.0,
        2,
        0.0
      ],
      "494": [
        "47",
        "TRP",
        "L",
        0.0,
        9,
        0.0
      ],
      "495": [
        "48",
        "ILE",
        "L",
        0.0,
        3,
        0.0
      ],
      "496": [
        "49",
        "TYR",
        "L",
        0.0,
        7,
        0.0
      ],
      "497": [
        "50",
        "ALA",
        "L",
        0.0,
        0,
        0.0
      ],
      "498": [
        "51",
        "THR",
        "L",
        0.0,
        2,
        0.0
      ],
      "499": [
        "52",
        "SER",
        "L",
        0.0,
        1,
        0.0
      ],
      "500": [
        "53",
        "ASN",
        "L",
        0.0,
        3,
        0.0
      ],
      "501": [
        "54",
        "LEU",
        "L",
        0.0,
        3,
        0.0
      ],
      "502": [
        "55",
        "ALA",
        "L",
        0.0,
        0,
        0.0
      ],
      "503": [
        "56",
        "SER",
        "L",
        0.0,
        1,
        0.0
      ],
      "504": [
        "57",
        "GLY",
        "L",
        0.0,
        0,
        0.0
      ],
      "505": [
        "58",
        "VAL",
        "L",
        0.0,
        2,
        0.0
      ],
      "506": [
        "59",
        "PRO",
        "L",
        0.0,
        2,
        0.0
      ],
      "507": [
        "60",
        "VAL",
        "L",
        0.0,
        2,
        0.0
      ],
      "508": [
        "61",
        "ARG",
        "L",
        0.0,
        6,
        0.0
      ],
      "509": [
        "62",
        "PHE",
        "L",
        0.0,
        6,
        0.0
      ],
      "510": [
        "63",
        "SER",
        "L",
        0.0,
        1,
        0.0
      ],
      "511": [
        "64",
        "GLY",
        "L",
        0.0,
        0,
        0.0
      ],
      "512": [
        "65",
        "SER",
        "L",
        0.0,
        1,
        0.0
      ],
      "513": [
        "66",
        "GLY",
        "L",
        0.0,
        0,
        0.0
      ],
      "514": [
        "67",
        "SER",
        "L",
        0.0,
        1,
        0.0
      ],
      "515": [
        "68",
        "GLY",
        "L",
        0.0,
        0,
        0.0
      ],
      "516": [
        "69",
        "THR",
        "L",
        0.1733,
        2,
        0.0
      ],
      "517": [
        "70",
        "SER",
        "L",
        0.0,
        1,
        0.0
      ],
      "518": [
        "71",
        "TYR",
        "L",
        0.1323,
        7,
        0.0
      ],
      "519": [
        "72",
        "SER",
        "L",
        0.0,
        1,
        0.0
      ],
      "520": [
        "73",
        "LEU",
        "L",
        0.0,
        3,
        0.0
      ],
      "521": [
        "74",
        "THR",
        "L",
        0.0,
        2,
        0.0
      ],
      "522": [
        "75",
        "ILE",
        "L",
        0.0,
        3,
        0.0
      ],
      "523": [
        "76",
        "SER",
        "L",
        0.0,
        1,
        0.0
      ],
      "524": [
        "77",
        "ARG",
        "L",
        0.0,
        6,
        0.0
      ],
      "525": [
        "78",
        "VAL",
        "L",
        0.0,
        2,
        0.0
      ],
      "526": [
        "79",
        "GLU",
        "L",
        0.0,
        4,
        0.0
      ],
      "527": [
        "80",
        "ALA",
        "L",
        0.0,
        0,
        0.0
      ],
      "528": [
        "81",
        "GLU",
        "L",
        0.0,
        4,
        0.0
      ],
      "529": [
        "82",
        "ASP",
        "L",
        0.0,
        3,
        0.0
      ],
      "530": [
        "83",
        "ALA",
        "L",
        0.0,
        0,
        0.0
      ],
      "531": [
        "84",
        "ALA",
        "L",
        0.0,
        0,
        0.0
      ],
      "532": [
        "85",
        "THR",
        "L",
        0.0,
        2,
        0.0
      ],
      "533": [
        "86",
        "TYR",
        "L",
        0.0,
        7,
        0.0
      ],
      "534": [
        "87",
        "TYR",
        "L",
        0.0,
        7,
        0.0
      ],
      "535": [
        "88",
        "CYS",
        "L",
        0.0,
        1,
        0.0
      ],
      "536": [
        "89",
        "GLN",
        "L",
        0.0,
        4,
        0.0
      ],
      "537": [
        "90",
        "GLN",
        "L",
        0.0,
        4,
        0.0
      ],
      "538": [
        "91",
        "TRP",
        "L",
        2.7847,
        9,
        0.0
      ],
      "539": [
        "92",
        "THR",
        "L",
        1.3859,
        2,
        0.0
      ],
      "540": [
        "93",
        "SER",
        "L",
        0.0,
        1,
        0.0
      ],
      "541": [
        "94",
        "ASN",
        "L",
        -0.7299,
        3,
        0.0
      ],
      "542": [
        "95",
        "PRO",
        "L",
        0.2682,
        2,
        0.0
      ],
      "543": [
        "96",
        "PRO",
        "L",
        0.7507,
        2,
        0.0
      ],
      "544": [
        "97",
        "THR",
        "L",
        0.0,
        2,
        0.0
      ],
      "545": [
        "98",
        "PHE",
        "L",
        0.0,
        6,
        0.0
      ],
      "546": [
        "99",
        "GLY",
        "L",
        0.0,
        0,
        0.0
      ],
      "547": [
        "100",
        "GLY",
        "L",
        0.0,
        0,
        0.0
      ],
      "548": [
        "101",
        "GLY",
        "L",
        0.0,
        0,
        0.0
      ],
      "549": [
        "102",
        "THR",
        "L",
        0.0,
        2,
        0.0
      ],
      "550": [
        "103",
        "LYS",
        "L",
        0.0,
        4,
        0.0
      ],
      "551": [
        "104",
        "LEU",
        "L",
        0.0,
        3,
        0.0
      ],
      "552": [
        "105",
        "GLU",
        "L",
        0.0,
        4,
        0.0
      ],
      "553": [
        "106",
        "ILE",
        "L",
        0.0,
        3,
        0.0
      ],
      "554": [
        "107",
        "LYS",
        "L",
        0.0,
        4,
        0.0
      ],
      "555": [
        "108",
        "ARG",
        "L",
        0.0,
        6,
        0.0
      ],
      "556": [
        "109",
        "THR",
        "L",
        0.0,
        2,
        0.0
      ],
      "557": [
        "110",
        "VAL",
        "L",
        0.0,
        2,
        0.0
      ],
      "558": [
        "111",
        "ALA",
        "L",
        0.0,
        0,
        0.0
      ],
      "559": [
        "112",
        "ALA",
        "L",
        0.0,
        0,
        0.0
      ],
      "560": [
        "113",
        "PRO",
        "L",
        0.0,
        2,
        0.0
      ],
      "561": [
        "114",
        "SER",
        "L",
        0.0,
        1,
        0.0
      ],
      "562": [
        "115",
        "VAL",
        "L",
        0.0,
        2,
        0.0
      ],
      "563": [
        "116",
        "PHE",
        "L",
        0.0,
        6,
        0.0
      ],
      "564": [
        "117",
        "ILE",
        "L",
        0.0,
        3,
        0.0
      ],
      "565": [
        "118",
        "PHE",
        "L",
        0.0,
        6,
        0.0
      ],
      "566": [
        "119",
        "PRO",
        "L",
        0.0,
        2,
        0.0
      ],
      "567": [
        "120",
        "PRO",
        "L",
        0.0,
        2,
        0.0
      ],
      "568": [
        "121",
        "SER",
        "L",
        0.0,
        1,
        0.0
      ],
      "569": [
        "122",
        "ASP",
        "L",
        0.0,
        3,
        0.0
      ],
      "570": [
        "123",
        "GLU",
        "L",
        0.0,
        4,
        0.0
      ],
      "571": [
        "124",
        "GLN",
        "L",
        0.0,
        4,
        0.0
      ],
      "572": [
        "125",
        "LEU",
        "L",
        0.0,
        3,
        0.0
      ],
      "573": [
        "126",
        "LYS",
        "L",
        0.0,
        4,
        0.0
      ],
      "574": [
        "127",
        "SER",
        "L",
        0.0,
        1,
        0.0
      ],
      "575": [
        "128",
        "GLY",
        "L",
        0.0,
        0,
        0.0
      ],
      "576": [
        "129",
        "THR",
        "L",
        0.0,
        2,
        0.0
      ],
      "577": [
        "130",
        "ALA",
        "L",
        0.0,
        0,
        0.0
      ],
      "578": [
        "131",
        "SER",
        "L",
        0.0,
        1,
        0.0
      ],
      "579": [
        "132",
        "VAL",
        "L",
        0.0,
        2,
        0.0
      ],
      "580": [
        "133",
        "VAL",
        "L",
        0.0,
        2,
        0.0
      ],
      "581": [
        "134",
        "CYS",
        "L",
        0.0,
        1,
        0.0
      ],
      "582": [
        "135",
        "LEU",
        "L",
        0.0,
        3,
        0.0
      ],
      "583": [
        "136",
        "LEU",
        "L",
        0.0,
        3,
        0.0
      ],
      "584": [
        "137",
        "ASN",
        "L",
        0.0,
        3,
        0.0
      ],
      "585": [
        "138",
        "ASN",
        "L",
        0.0,
        3,
        0.0
      ],
      "586": [
        "139",
        "PHE",
        "L",
        0.0,
        6,
        0.0
      ],
      "587": [
        "140",
        "TYR",
        "L",
        0.0,
        7,
        0.0
      ],
      "588": [
        "141",
        "PRO",
        "L",
        0.0,
        2,
        0.0
      ],
      "589": [
        "142",
        "ARG",
        "L",
        0.0,
        6,
        0.0
      ],
      "590": [
        "143",
        "GLU",
        "L",
        0.0,
        4,
        0.0
      ],
      "591": [
        "144",
        "ALA",
        "L",
        0.0,
        0,
        0.0
      ],
      "592": [
        "145",
        "LYS",
        "L",
        0.0,
        4,
        0.0
      ],
      "593": [
        "146",
        "VAL",
        "L",
        0.0,
        2,
        0.0
      ],
      "594": [
        "147",
        "GLN",
        "L",
        0.0,
        4,
        0.0
      ],
      "595": [
        "148",
        "TRP",
        "L",
        0.0,
        9,
        0.0
      ],
      "596": [
        "149",
        "LYS",
        "L",
        0.0,
        4,
        0.0
      ],
      "597": [
        "150",
        "VAL",
        "L",
        0.0,
        2,
        0.0
      ],
      "598": [
        "151",
        "ASP",
        "L",
        0.0,
        3,
        0.0
      ],
      "599": [
        "152",
        "ASN",
        "L",
        0.0,
        3,
        0.0
      ],
      "600": [
        "153",
        "ALA",
        "L",
        0.0,
        0,
        0.0
      ],
      "601": [
        "154",
        "LEU",
        "L",
        0.0,
        3,
        0.0
      ],
      "602": [
        "155",
        "GLN",
        "L",
        0.0,
        4,
        0.0
      ],
      "603": [
        "156",
        "SER",
        "L",
        0.0,
        1,
        0.0
      ],
      "604": [
        "157",
        "GLY",
        "L",
        0.0,
        0,
        0.0
      ],
      "605": [
        "158",
        "ASN",
        "L",
        0.0,
        3,
        0.0
      ],
      "606": [
        "159",
        "SER",
        "L",
        0.0,
        1,
        0.0
      ],
      "607": [
        "160",
        "GLN",
        "L",
        0.0,
        4,
        0.0
      ],
      "608": [
        "161",
        "GLU",
        "L",
        0.0,
        4,
        0.0
      ],
      "609": [
        "162",
        "SER",
        "L",
        0.0,
        1,
        0.0
      ],
      "610": [
        "163",
        "VAL",
        "L",
        0.0,
        2,
        0.0
      ],
      "611": [
        "164",
        "THR",
        "L",
        0.0,
        2,
        0.0
      ],
      "612": [
        "165",
        "GLU",
        "L",
        0.0,
        4,
        0.0
      ],
      "613": [
        "166",
        "GLN",
        "L",
        0.0,
        4,
        0.0
      ],
      "614": [
        "167",
        "ASP",
        "L",
        0.0,
        3,
        0.0
      ],
      "615": [
        "168",
        "SER",
        "L",
        0.0,
        1,
        0.0
      ],
      "616": [
        "169",
        "LYS",
        "L",
        0.0,
        4,
        0.0
      ],
      "617": [
        "170",
        "ASP",
        "L",
        0.0,
        3,
        0.0
      ],
      "618": [
        "171",
        "SER",
        "L",
        0.0,
        1,
        0.0
      ],
      "619": [
        "172",
        "THR",
        "L",
        0.0,
        2,
        0.0
      ],
      "620": [
        "173",
        "TYR",
        "L",
        0.0,
        7,
        0.0
      ],
      "621": [
        "174",
        "SER",
        "L",
        0.0,
        1,
        0.0
      ],
      "622": [
        "175",
        "LEU",
        "L",
        0.0,
        3,
        0.0
      ],
      "623": [
        "176",
        "SER",
        "L",
        0.0,
        1,
        0.0
      ],
      "624": [
        "177",
        "SER",
        "L",
        0.0,
        1,
        0.0
      ],
      "625": [
        "178",
        "THR",
        "L",
        0.0,
        2,
        0.0
      ],
      "626": [
        "179",
        "LEU",
        "L",
        0.0,
        3,
        0.0
      ],
      "627": [
        "180",
        "THR",
        "L",
        0.0,
        2,
        0.0
      ],
      "628": [
        "181",
        "LEU",
        "L",
        0.0,
        3,
        0.0
      ],
      "629": [
        "182",
        "SER",
        "L",
        0.0,
        1,
        0.0
      ],
      "630": [
        "183",
        "LYS",
        "L",
        0.0,
        4,
        0.0
      ],
      "631": [
        "184",
        "ALA",
        "L",
        0.0,
        0,
        0.0
      ],
      "632": [
        "185",
        "ASP",
        "L",
        0.0,
        3,
        0.0
      ],
      "633": [
        "186",
        "TYR",
        "L",
        0.0,
        7,
        0.0
      ],
      "634": [
        "187",
        "GLU",
        "L",
        0.0,
        4,
        0.0
      ],
      "635": [
        "188",
        "LYS",
        "L",
        0.0,
        4,
        0.0
      ],
      "636": [
        "189",
        "HIS",
        "L",
        0.0,
        5,
        0.0
      ],
      "637": [
        "190",
        "LYS",
        "L",
        0.0,
        4,
        0.0
      ],
      "638": [
        "191",
        "VAL",
        "L",
        0.0,
        2,
        0.0
      ],
      "639": [
        "192",
        "TYR",
        "L",
        0.0,
        7,
        0.0
      ],
      "640": [
        "193",
        "ALA",
        "L",
        0.0,
        0,
        0.0
      ],
      "641": [
        "194",
        "CYS",
        "L",
        0.0,
        1,
        0.0
      ],
      "642": [
        "195",
        "GLU",
        "L",
        0.0,
        4,
        0.0
      ],
      "643": [
        "196",
        "VAL",
        "L",
        0.0,
        2,
        0.0
      ],
      "644": [
        "197",
        "THR",
        "L",
        0.0,
        2,
        0.0
      ],
      "645": [
        "198",
        "HIS",
        "L",
        0.0,
        5,
        0.0
      ],
      "646": [
        "199",
        "GLN",
        "L",
        0.0,
        4,
        0.0
      ],
      "647": [
        "200",
        "GLY",
        "L",
        0.0,
        0,
        0.0
      ],
      "648": [
        "201",
        "LEU",
        "L",
        0.0,
        3,
        0.0
      ],
      "649": [
        "202",
        "SER",
        "L",
        0.0,
        1,
        0.0
      ],
      "650": [
        "203",
        "SER",
        "L",
        0.0,
        1,
        0.0
      ],
      "651": [
        "204",
        "PRO",
        "L",
        0.0,
        2,
        0.0
      ],
      "652": [
        "205",
        "VAL",
        "L",
        0.0,
        2,
        0.0
      ],
      "653": [
        "206",
        "THR",
        "L",
        0.0,
        2,
        0.0
      ],
      "654": [
        "207",
        "LYS",
        "L",
        0.0,
        4,
        0.0
      ],
      "655": [
        "208",
        "SER",
        "L",
        0.0,
        1,
        0.0
      ],
      "656": [
        "209",
        "PHE",
        "L",
        0.0,
        6,
        0.0
      ],
      "657": [
        "210",
        "ASN",
        "L",
        0.0,
        3,
        0.0
      ],
      "658": [
        "211",
        "ARG",
        "L",
        0.0,
        6,
        0.0
      ],
      "659": [
        "212",
        "GLY",
        "L",
        0.0,
        0,
        0.0
      ],
      "660": [
        "213",
        "GLU",
        "L",
        0.0,
        4,
        0.0
      ],
      "661": [
        "214",
        "CYS",
        "L",
        0.0,
        2,
        0.0
      ],
      "662": [
        "1",
        "GLN",
        "M",
        0.0,
        4,
        0.0
      ],
      "663": [
        "2",
        "ILE",
        "M",
        0.6711,
        3,
        0.0
      ],
      "664": [
        "3",
        "VAL",
        "M",
        0.0027,
        2,
        0.0
      ],
      "665": [
        "4",
        "LEU",
        "M",
        0.0,
        3,
        0.0
      ],
      "666": [
        "5",
        "SER",
        "M",
        0.0,
        1,
        0.0
      ],
      "667": [
        "6",
        "GLN",
        "M",
        0.0,
        4,
        0.0
      ],
      "668": [
        "7",
        "SER",
        "M",
        0.0,
        1,
        0.0
      ],
      "669": [
        "8",
        "PRO",
        "M",
        0.0,
        2,
        0.0
      ],
      "670": [
        "9",
        "ALA",
        "M",
        0.0,
        0,
        0.0
      ],
      "671": [
        "10",
        "ILE",
        "M",
        0.0,
        3,
        0.0
      ],
      "672": [
        "11",
        "LEU",
        "M",
        0.0,
        3,
        0.0
      ],
      "673": [
        "12",
        "SER",
        "M",
        0.0,
        1,
        0.0
      ],
      "674": [
        "13",
        "ALA",
        "M",
        0.0,
        0,
        0.0
      ],
      "675": [
        "14",
        "SER",
        "M",
        0.0,
        1,
        0.0
      ],
      "676": [
        "15",
        "PRO",
        "M",
        0.0,
        2,
        0.0
      ],
      "677": [
        "16",
        "GLY",
        "M",
        0.0,
        0,
        0.0
      ],
      "678": [
        "17",
        "GLU",
        "M",
        0.0,
        4,
        0.0
      ],
      "679": [
        "18",
        "LYS",
        "M",
        0.0,
        4,
        0.0
      ],
      "680": [
        "19",
        "VAL",
        "M",
        0.0,
        2,
        0.0
      ],
      "681": [
        "20",
        "THR",
        "M",
        0.0,
        2,
        0.0
      ],
      "682": [
        "21",
        "MET",
        "M",
        0.0,
        3,
        0.0
      ],
      "683": [
        "22",
        "THR",
        "M",
        0.0,
        2,
        0.0
      ],
      "684": [
        "23",
        "CYS",
        "M",
        0.0,
        1,
        0.0
      ],
      "685": [
        "24",
        "ARG",
        "M",
        0.0,
        6,
        0.0
      ],
      "686": [
        "25",
        "ALA",
        "M",
        0.0,
        0,
        0.0
      ],
      "687": [
        "26",
        "SER",
        "M",
        0.0,
        1,
        0.0
      ],
      "688": [
        "28",
        "SER",
        "M",
        1.8273,
        1,
        0.0
      ],
      "689": [
        "29",
        "SER",
        "M",
        0.138,
        1,
        0.0
      ],
      "690": [
        "30",
        "VAL",
        "M",
        0.5761,
        2,
        0.0
      ],
      "691": [
        "31",
        "SER",
        "M",
        -0.1457,
        1,
        0.0
      ],
      "692": [
        "32",
        "TYR",
        "M",
        2.1476,
        7,
        0.0
      ],
      "693": [
        "33",
        "ILE",
        "M",
        0.0,
        3,
        0.0
      ],
      "694": [
        "34",
        "HIS",
        "M",
        0.0,
        5,
        0.0
      ],
      "695": [
        "35",
        "TRP",
        "M",
        0.0,
        9,
        0.0
      ],
      "696": [
        "36",
        "PHE",
        "M",
        0.0,
        6,
        0.0
      ],
      "697": [
        "37",
        "GLN",
        "M",
        0.0,
        4,
        0.0
      ],
      "698": [
        "38",
        "GLN",
        "M",
        0.0,
        4,
        0.0
      ],
      "699": [
        "39",
        "LYS",
        "M",
        0.0,
        4,
        0.0
      ],
      "700": [
        "40",
        "PRO",
        "M",
        0.0,
        2,
        0.0
      ],
      "701": [
        "41",
        "GLY",
        "M",
        0.0,
        0,
        0.0
      ],
      "702": [
        "42",
        "SER",
        "M",
        0.0,
        1,
        0.0
      ],
      "703": [
        "43",
        "SER",
        "M",
        0.0,
        1,
        0.0
      ],
      "704": [
        "44",
        "PRO",
        "M",
        0.0,
        2,
        0.0
      ],
      "705": [
        "45",
        "LYS",
        "M",
        0.0,
        4,
        0.0
      ],
      "706": [
        "46",
        "PRO",
        "M",
        0.0,
        2,
        0.0
      ],
      "707": [
        "47",
        "TRP",
        "M",
        0.0,
        9,
        0.0
      ],
      "708": [
        "48",
        "ILE",
        "M",
        0.0,
        3,
        0.0
      ],
      "709": [
        "49",
        "TYR",
        "M",
        0.0,
        7,
        0.0
      ],
      "710": [
        "50",
        "ALA",
        "M",
        0.0,
        0,
        0.0
      ],
      "711": [
        "51",
        "THR",
        "M",
        0.0,
        2,
        0.0
      ],
      "712": [
        "52",
        "SER",
        "M",
        0.0,
        1,
        0.0
      ],
      "713": [
        "53",
        "ASN",
        "M",
        0.0,
        3,
        0.0
      ],
      "714": [
        "54",
        "LEU",
        "M",
        0.0,
        3,
        0.0
      ],
      "715": [
        "55",
        "ALA",
        "M",
        0.0,
        0,
        0.0
      ],
      "716": [
        "56",
        "SER",
        "M",
        0.0,
        1,
        0.0
      ],
      "717": [
        "57",
        "GLY",
        "M",
        0.0,
        0,
        0.0
      ],
      "718": [
        "58",
        "VAL",
        "M",
        0.0,
        2,
        0.0
      ],
      "719": [
        "59",
        "PRO",
        "M",
        0.0,
        2,
        0.0
      ],
      "720": [
        "60",
        "VAL",
        "M",
        0.0,
        2,
        0.0
      ],
      "721": [
        "61",
        "ARG",
        "M",
        0.0,
        6,
        0.0
      ],
      "722": [
        "62",
        "PHE",
        "M",
        0.0,
        6,
        0.0
      ],
      "723": [
        "63",
        "SER",
        "M",
        0.0,
        1,
        0.0
      ],
      "724": [
        "64",
        "GLY",
        "M",
        0.0,
        0,
        0.0
      ],
      "725": [
        "65",
        "SER",
        "M",
        0.0,
        1,
        0.0
      ],
      "726": [
        "66",
        "GLY",
        "M",
        0.0,
        0,
        0.0
      ],
      "727": [
        "67",
        "SER",
        "M",
        0.0,
        1,
        0.0
      ],
      "728": [
        "68",
        "GLY",
        "M",
        0.0,
        0,
        0.0
      ],
      "729": [
        "69",
        "THR",
        "M",
        0.1859,
        2,
        0.0
      ],
      "730": [
        "70",
        "SER",
        "M",
        0.0,
        1,
        0.0
      ],
      "731": [
        "71",
        "TYR",
        "M",
        0.1415,
        7,
        0.0
      ],
      "732": [
        "72",
        "SER",
        "M",
        0.0,
        1,
        0.0
      ],
      "733": [
        "73",
        "LEU",
        "M",
        0.0,
        3,
        0.0
      ],
      "734": [
        "74",
        "THR",
        "M",
        0.0,
        2,
        0.0
      ],
      "735": [
        "75",
        "ILE",
        "M",
        0.0,
        3,
        0.0
      ],
      "736": [
        "76",
        "SER",
        "M",
        0.0,
        1,
        0.0
      ],
      "737": [
        "77",
        "ARG",
        "M",
        0.0,
        6,
        0.0
      ],
      "738": [
        "78",
        "VAL",
        "M",
        0.0,
        2,
        0.0
      ],
      "739": [
        "79",
        "GLU",
        "M",
        0.0,
        4,
        0.0
      ],
      "740": [
        "80",
        "ALA",
        "M",
        0.0,
        0,
        0.0
      ],
      "741": [
        "81",
        "GLU",
        "M",
        0.0,
        4,
        0.0
      ],
      "742": [
        "82",
        "ASP",
        "M",
        0.0,
        3,
        0.0
      ],
      "743": [
        "83",
        "ALA",
        "M",
        0.0,
        0,
        0.0
      ],
      "744": [
        "84",
        "ALA",
        "M",
        0.0,
        0,
        0.0
      ],
      "745": [
        "85",
        "THR",
        "M",
        0.0,
        2,
        0.0
      ],
      "746": [
        "86",
        "TYR",
        "M",
        0.0,
        7,
        0.0
      ],
      "747": [
        "87",
        "TYR",
        "M",
        0.0,
        7,
        0.0
      ],
      "748": [
        "88",
        "CYS",
        "M",
        0.0,
        1,
        0.0
      ],
      "749": [
        "89",
        "GLN",
        "M",
        0.0,
        4,
        0.0
      ],
      "750": [
        "90",
        "GLN",
        "M",
        0.0,
        4,
        0.0
      ],
      "751": [
        "91",
        "TRP",
        "M",
        2.7649,
        9,
        0.0
      ],
      "752": [
        "92",
        "THR",
        "M",
        1.4062,
        2,
        0.0
      ],
      "753": [
        "93",
        "SER",
        "M",
        0.0,
        1,
        0.0
      ],
      "754": [
        "94",
        "ASN",
        "M",
        3.3755,
        3,
        0.0
      ],
      "755": [
        "95",
        "PRO",
        "M",
        0.2074,
        2,
        0.0
      ],
      "756": [
        "96",
        "PRO",
        "M",
        0.7689,
        2,
        0.0
      ],
      "757": [
        "97",
        "THR",
        "M",
        0.0,
        2,
        0.0
      ],
      "758": [
        "98",
        "PHE",
        "M",
        0.0,
        6,
        0.0
      ],
      "759": [
        "99",
        "GLY",
        "M",
        0.0,
        0,
        0.0
      ],
      "760": [
        "100",
        "GLY",
        "M",
        0.0,
        0,
        0.0
      ],
      "761": [
        "101",
        "GLY",
        "M",
        0.0,
        0,
        0.0
      ],
      "762": [
        "102",
        "THR",
        "M",
        0.0,
        2,
        0.0
      ],
      "763": [
        "103",
        "LYS",
        "M",
        0.0,
        4,
        0.0
      ],
      "764": [
        "104",
        "LEU",
        "M",
        0.0,
        3,
        0.0
      ],
      "765": [
        "105",
        "GLU",
        "M",
        0.0,
        4,
        0.0
      ],
      "766": [
        "106",
        "ILE",
        "M",
        0.0,
        3,
        0.0
      ],
      "767": [
        "107",
        "LYS",
        "M",
        0.0,
        4,
        0.0
      ],
      "768": [
        "108",
        "ARG",
        "M",
        0.0,
        6,
        0.0
      ],
      "769": [
        "109",
        "THR",
        "M",
        0.0,
        2,
        0.0
      ],
      "770": [
        "110",
        "VAL",
        "M",
        0.0,
        2,
        0.0
      ],
      "771": [
        "111",
        "ALA",
        "M",
        0.0,
        0,
        0.0
      ],
      "772": [
        "112",
        "ALA",
        "M",
        0.0,
        0,
        0.0
      ],
      "773": [
        "113",
        "PRO",
        "M",
        0.0,
        2,
        0.0
      ],
      "774": [
        "114",
        "SER",
        "M",
        0.0,
        1,
        0.0
      ],
      "775": [
        "115",
        "VAL",
        "M",
        0.0,
        2,
        0.0
      ],
      "776": [
        "116",
        "PHE",
        "M",
        0.0,
        6,
        0.0
      ],
      "777": [
        "117",
        "ILE",
        "M",
        0.0,
        3,
        0.0
      ],
      "778": [
        "118",
        "PHE",
        "M",
        0.0,
        6,
        0.0
      ],
      "779": [
        "119",
        "PRO",
        "M",
        0.0,
        2,
        0.0
      ],
      "780": [
        "120",
        "PRO",
        "M",
        0.0,
        2,
        0.0
      ],
      "781": [
        "121",
        "SER",
        "M",
        0.0,
        1,
        0.0
      ],
      "782": [
        "122",
        "ASP",
        "M",
        0.0,
        3,
        0.0
      ],
      "783": [
        "123",
        "GLU",
        "M",
        0.0,
        4,
        0.0
      ],
      "784": [
        "124",
        "GLN",
        "M",
        0.0,
        4,
        0.0
      ],
      "785": [
        "125",
        "LEU",
        "M",
        0.0,
        3,
        0.0
      ],
      "786": [
        "126",
        "LYS",
        "M",
        0.0,
        4,
        0.0
      ],
      "787": [
        "127",
        "SER",
        "M",
        0.0,
        1,
        0.0
      ],
      "788": [
        "128",
        "GLY",
        "M",
        0.0,
        0,
        0.0
      ],
      "789": [
        "129",
        "THR",
        "M",
        0.0,
        2,
        0.0
      ],
      "790": [
        "130",
        "ALA",
        "M",
        0.0,
        0,
        0.0
      ],
      "791": [
        "131",
        "SER",
        "M",
        0.0,
        1,
        0.0
      ],
      "792": [
        "132",
        "VAL",
        "M",
        0.0,
        2,
        0.0
      ],
      "793": [
        "133",
        "VAL",
        "M",
        0.0,
        2,
        0.0
      ],
      "794": [
        "134",
        "CYS",
        "M",
        0.0,
        1,
        0.0
      ],
      "795": [
        "135",
        "LEU",
        "M",
        0.0,
        3,
        0.0
      ],
      "796": [
        "136",
        "LEU",
        "M",
        0.0,
        3,
        0.0
      ],
      "797": [
        "137",
        "ASN",
        "M",
        0.0,
        3,
        0.0
      ],
      "798": [
        "138",
        "ASN",
        "M",
        0.0,
        3,
        0.0
      ],
      "799": [
        "139",
        "PHE",
        "M",
        0.0,
        6,
        0.0
      ],
      "800": [
        "140",
        "TYR",
        "M",
        0.0,
        7,
        0.0
      ],
      "801": [
        "141",
        "PRO",
        "M",
        0.0,
        2,
        0.0
      ],
      "802": [
        "142",
        "ARG",
        "M",
        0.0,
        6,
        0.0
      ],
      "803": [
        "143",
        "GLU",
        "M",
        0.0,
        4,
        0.0
      ],
      "804": [
        "144",
        "ALA",
        "M",
        0.0,
        0,
        0.0
      ],
      "805": [
        "145",
        "LYS",
        "M",
        0.0,
        4,
        0.0
      ],
      "806": [
        "146",
        "VAL",
        "M",
        0.0,
        2,
        0.0
      ],
      "807": [
        "147",
        "GLN",
        "M",
        0.0,
        4,
        0.0
      ],
      "808": [
        "148",
        "TRP",
        "M",
        0.0,
        9,
        0.0
      ],
      "809": [
        "149",
        "LYS",
        "M",
        0.0,
        4,
        0.0
      ],
      "810": [
        "150",
        "VAL",
        "M",
        0.0,
        2,
        0.0
      ],
      "811": [
        "151",
        "ASP",
        "M",
        0.0,
        3,
        0.0
      ],
      "812": [
        "152",
        "ASN",
        "M",
        0.0,
        3,
        0.0
      ],
      "813": [
        "153",
        "ALA",
        "M",
        0.0,
        0,
        0.0
      ],
      "814": [
        "154",
        "LEU",
        "M",
        0.0,
        3,
        0.0
      ],
      "815": [
        "155",
        "GLN",
        "M",
        0.0,
        4,
        0.0
      ],
      "816": [
        "156",
        "SER",
        "M",
        0.0,
        1,
        0.0
      ],
      "817": [
        "157",
        "GLY",
        "M",
        0.0,
        0,
        0.0
      ],
      "818": [
        "158",
        "ASN",
        "M",
        0.0,
        3,
        0.0
      ],
      "819": [
        "159",
        "SER",
        "M",
        0.0,
        1,
        0.0
      ],
      "820": [
        "160",
        "GLN",
        "M",
        0.0,
        4,
        0.0
      ],
      "821": [
        "161",
        "GLU",
        "M",
        0.0,
        4,
        0.0
      ],
      "822": [
        "162",
        "SER",
        "M",
        0.0,
        1,
        0.0
      ],
      "823": [
        "163",
        "VAL",
        "M",
        0.0,
        2,
        0.0
      ],
      "824": [
        "164",
        "THR",
        "M",
        0.0,
        2,
        0.0
      ],
      "825": [
        "165",
        "GLU",
        "M",
        0.0,
        4,
        0.0
      ],
      "826": [
        "166",
        "GLN",
        "M",
        0.0,
        4,
        0.0
      ],
      "827": [
        "167",
        "ASP",
        "M",
        0.0,
        3,
        0.0
      ],
      "828": [
        "168",
        "SER",
        "M",
        0.0,
        1,
        0.0
      ],
      "829": [
        "169",
        "LYS",
        "M",
        0.0,
        4,
        0.0
      ],
      "830": [
        "170",
        "ASP",
        "M",
        0.0,
        3,
        0.0
      ],
      "831": [
        "171",
        "SER",
        "M",
        0.0,
        1,
        0.0
      ],
      "832": [
        "172",
        "THR",
        "M",
        0.0,
        2,
        0.0
      ],
      "833": [
        "173",
        "TYR",
        "M",
        0.0,
        7,
        0.0
      ],
      "834": [
        "174",
        "SER",
        "M",
        0.0,
        1,
        0.0
      ],
      "835": [
        "175",
        "LEU",
        "M",
        0.0,
        3,
        0.0
      ],
      "836": [
        "176",
        "SER",
        "M",
        0.0,
        1,
        0.0
      ],
      "837": [
        "177",
        "SER",
        "M",
        0.0,
        1,
        0.0
      ],
      "838": [
        "178",
        "THR",
        "M",
        0.0,
        2,
        0.0
      ],
      "839": [
        "179",
        "LEU",
        "M",
        0.0,
        3,
        0.0
      ],
      "840": [
        "180",
        "THR",
        "M",
        0.0,
        2,
        0.0
      ],
      "841": [
        "181",
        "LEU",
        "M",
        0.0,
        3,
        0.0
      ],
      "842": [
        "182",
        "SER",
        "M",
        0.0,
        1,
        0.0
      ],
      "843": [
        "183",
        "LYS",
        "M",
        0.0,
        4,
        0.0
      ],
      "844": [
        "184",
        "ALA",
        "M",
        0.0,
        0,
        0.0
      ],
      "845": [
        "185",
        "ASP",
        "M",
        0.0,
        3,
        0.0
      ],
      "846": [
        "186",
        "TYR",
        "M",
        0.0,
        7,
        0.0
      ],
      "847": [
        "187",
        "GLU",
        "M",
        0.0,
        4,
        0.0
      ],
      "848": [
        "188",
        "LYS",
        "M",
        0.0,
        4,
        0.0
      ],
      "849": [
        "189",
        "HIS",
        "M",
        0.0,
        5,
        0.0
      ],
      "850": [
        "190",
        "LYS",
        "M",
        0.0,
        4,
        0.0
      ],
      "851": [
        "191",
        "VAL",
        "M",
        0.0,
        2,
        0.0
      ],
      "852": [
        "192",
        "TYR",
        "M",
        0.0,
        7,
        0.0
      ],
      "853": [
        "193",
        "ALA",
        "M",
        0.0,
        0,
        0.0
      ],
      "854": [
        "194",
        "CYS",
        "M",
        0.0,
        1,
        0.0
      ],
      "855": [
        "195",
        "GLU",
        "M",
        0.0,
        4,
        0.0
      ],
      "856": [
        "196",
        "VAL",
        "M",
        0.0,
        2,
        0.0
      ],
      "857": [
        "197",
        "THR",
        "M",
        0.0,
        2,
        0.0
      ],
      "858": [
        "198",
        "HIS",
        "M",
        0.0,
        5,
        0.0
      ],
      "859": [
        "199",
        "GLN",
        "M",
        0.0,
        4,
        0.0
      ],
      "860": [
        "200",
        "GLY",
        "M",
        0.0,
        0,
        0.0
      ],
      "861": [
        "201",
        "LEU",
        "M",
        0.0,
        3,
        0.0
      ],
      "862": [
        "202",
        "SER",
        "M",
        0.0,
        1,
        0.0
      ],
      "863": [
        "203",
        "SER",
        "M",
        0.0,
        1,
        0.0
      ],
      "864": [
        "204",
        "PRO",
        "M",
        0.0,
        2,
        0.0
      ],
      "865": [
        "205",
        "VAL",
        "M",
        0.0,
        2,
        0.0
      ],
      "866": [
        "206",
        "THR",
        "M",
        0.0,
        2,
        0.0
      ],
      "867": [
        "207",
        "LYS",
        "M",
        0.0,
        4,
        0.0
      ],
      "868": [
        "208",
        "SER",
        "M",
        0.0,
        1,
        0.0
      ],
      "869": [
        "209",
        "PHE",
        "M",
        0.0,
        6,
        0.0
      ],
      "870": [
        "210",
        "ASN",
        "M",
        0.0,
        3,
        0.0
      ],
      "871": [
        "211",
        "ARG",
        "M",
        0.0,
        6,
        0.0
      ],
      "872": [
        "212",
        "GLY",
        "M",
        0.0,
        0,
        0.0
      ],
      "873": [
        "213",
        "GLU",
        "M",
        0.0,
        4,
        0.0
      ],
      "874": [
        "214",
        "CYS",
        "M",
        0.0,
        2,
        0.0
      ]
    }
  ],
  "mutants": null,
  "repack_scan": null
}